Zip Code,Number of Employees,Number in Org A,Number in Org B,Number in Org C,Number in Org D,Number in Org E,Number in Org F,Number in Org G,Number in Org H,Number in Org I,Number in Org J,Number in Org K,Number in Org L,"Driving Minutes to White House Station, NJ","Driving Minutes to Kenilworth, NJ","Driving Minutes to West Point, PA",Change in Duration for Kenilworth Move,Change in Duration for West Point Move
08822,86,3,20,3,14,24,16,2,4,0,0,0,0,9.5,47.1,55.4166666667,37.6,45.9166666667
19095,1,0,1,0,0,0,0,0,0,0,0,0,0,72.1333333333,83.85,22.8833333333,11.7166666667,-49.25
08889,70,1,14,4,16,11,12,6,4,1,0,1,0,0,39.9,65.0666666667,39.9,65.0666666667
18947,10,1,1,0,4,2,0,0,2,0,0,0,0,47.85,75.6833333333,35.7,27.8333333333,-12.15
08825,9,0,5,0,4,0,0,0,0,0,0,0,0,28.1833333333,58.7,52.8833333333,30.5166666667,24.7
07936,3,0,2,0,0,0,0,1,0,0,0,0,0,40.0666666667,26.4833333333,97.6833333333,-13.5833333333,57.6166666667
08886,30,1,9,1,8,5,4,1,1,0,0,0,0,29.2166666667,54.1166666667,64.8333333333,24.9,35.6166666667
07901,25,1,4,5,10,2,3,0,0,0,0,0,0,32.05,14.75,90.0833333333,-17.3,58.0333333333
07073,1,0,0,0,1,0,0,0,0,0,0,0,0,50.3166666667,24.3,99.8666666667,-26.0166666667,49.55
08046,3,0,1,0,0,1,1,0,0,0,0,0,0,66.4333333333,64.7333333333,49.7333333333,-1.7,-16.7
08865,27,0,9,3,2,11,0,2,0,0,0,0,0,36.7166666667,61.6,64.1666666667,24.8833333333,27.45
07712,2,0,1,0,1,0,0,0,0,0,0,0,0,60.65,42.3166666667,83.4,-18.3333333333,22.75
08820,12,0,6,0,1,3,2,0,0,0,0,0,0,36.75,17.8666666667,86.6666666667,-18.8833333333,49.9166666667
08876,47,1,9,4,6,11,12,1,2,0,0,1,0,10.7833333333,38.7166666667,68.1833333333,27.9333333333,57.4
08807,74,0,17,1,16,18,14,5,3,0,0,0,0,16.3,34.6666666667,71.0833333333,18.3666666667,54.7833333333
08902,11,1,2,0,1,3,2,0,2,0,0,0,0,38.25,30.5833333333,72.1333333333,-7.6666666667,33.8833333333
18976,6,0,1,1,2,2,0,0,0,0,0,0,0,51.7,83.7333333333,23.0333333333,32.0333333333,-28.6666666667
07030,23,0,1,0,10,4,4,3,0,1,0,0,0,53.2,26.9666666667,104.75,-26.2333333333,51.55
07652,3,0,1,0,2,0,0,0,0,0,0,0,0,59.65,31.45,116.3333333333,-28.2,56.6833333333
18015,9,0,2,1,0,2,3,1,0,0,0,0,0,46.6166666667,71.5,43.5833333333,24.8833333333,-3.0333333333
08833,39,0,7,4,6,8,9,1,4,0,0,0,0,9.5,39.4166666667,71.5833333333,29.9166666667,62.0833333333
24401,1,0,0,0,0,0,1,0,0,0,0,0,0,303.65,328.5333333333,286.2,24.8833333333,-17.45
07066,8,0,0,1,3,3,1,0,0,0,0,0,0,40.15,11.05,87.6833333333,-29.1,47.5333333333
19446,25,0,7,0,7,1,9,1,0,0,0,0,0,66.5666666667,92,4.85,25.4333333333,-61.7166666667
08853,14,0,1,1,2,5,3,2,0,0,0,0,0,13.1833333333,42.7333333333,61.75,29.55,48.5666666667
08873,35,0,16,2,5,6,5,1,0,0,0,0,0,28.7833333333,34.4333333333,77.5,5.65,48.7166666667
18951,6,0,2,0,2,0,2,0,0,0,0,0,0,57.8,82.6833333333,27.4,24.8833333333,-30.4
18944,12,0,4,2,0,3,3,0,0,0,0,0,0,60.3,87.4666666667,27.2666666667,27.1666666667,-33.0333333333
08502,21,2,4,0,9,3,2,0,1,0,0,0,0,27.7666666667,47.1666666667,68.6666666667,19.4,40.9
08831,7,0,2,0,2,2,0,1,0,0,0,0,0,50.6833333333,37.85,68.1166666667,-12.8333333333,17.4333333333
10306,1,0,0,0,0,1,0,0,0,0,0,0,0,49.15,30.2,94.5333333333,-18.95,45.3833333333
18013,4,0,0,0,0,1,1,2,0,0,0,0,0,54.9166666667,71.4833333333,71.9833333333,16.5666666667,17.0666666667
18902,37,1,6,2,15,5,7,0,1,0,0,0,0,45.1333333333,77.1666666667,32.2333333333,32.0333333333,-12.9
07090,38,0,4,3,4,11,10,5,0,0,1,0,0,37.0333333333,9.4333333333,91.9333333333,-27.6,54.9
08551,14,0,1,1,4,4,2,2,0,0,0,0,0,21.8166666667,51.85,46.4666666667,30.0333333333,24.65
07014,1,0,1,0,0,0,0,0,0,0,0,0,0,52.6166666667,24.4166666667,103.4166666667,-28.2,50.8
08844,68,3,16,4,9,14,10,6,5,1,0,0,0,22.6166666667,41.0333333333,66.4833333333,18.4166666667,43.8666666667
07065,10,0,1,0,3,4,0,2,0,0,0,0,0,41.5166666667,13.8333333333,87.5333333333,-27.6833333333,46.0166666667
07830,12,0,2,3,2,2,2,1,0,0,0,0,0,22.8666666667,46.6833333333,85.7,23.8166666667,62.8333333333
08827,13,1,2,1,2,2,1,1,3,0,0,0,0,23.1166666667,48,71.5,24.8833333333,48.3833333333
07920,58,1,7,12,11,18,7,0,1,0,0,1,0,23.9666666667,30.85,81.85,6.8833333333,57.8833333333
02760,1,0,0,0,1,0,0,0,0,0,0,0,0,245.4833333333,219.4666666667,295.6666666667,-26.0166666667,50.1833333333
07730,4,0,0,0,0,3,0,0,1,0,0,0,0,46.7666666667,28.4333333333,92.1333333333,-18.3333333333,45.3666666667
07746,5,0,0,0,2,2,0,0,1,0,0,0,0,53.0666666667,34.2333333333,82.2666666667,-18.8333333333,29.2
08840,11,0,4,0,3,1,1,1,1,0,0,0,0,31.6666666667,17.9666666667,81.9666666667,-13.7,50.3
19438,14,0,4,0,4,0,5,0,1,0,0,0,0,74.9833333333,99.4833333333,16.35,24.5,-58.6333333333
07022,1,0,0,0,0,1,0,0,0,0,0,0,0,59.0333333333,33.0166666667,108.4833333333,-26.0166666667,49.45
07080,10,0,1,0,2,3,3,1,0,0,0,0,0,28.45,23.4333333333,82.95,-5.0166666667,54.5
07092,7,0,0,1,1,2,1,0,1,1,0,0,0,33.1833333333,10.8666666667,91.6833333333,-22.3166666667,58.5
07005,4,0,1,0,0,3,0,0,0,0,0,0,0,41.1333333333,32.7666666667,98.75,-8.3666666667,57.6166666667
07662,2,0,0,0,1,1,0,0,0,0,0,0,0,55.85,29.3,111.4333333333,-26.55,55.5833333333
08812,8,1,1,0,4,0,1,0,1,0,0,0,0,23,22.5833333333,77.5,-0.4166666667,54.5
07747,5,0,2,0,1,1,0,0,1,0,0,0,0,46.5,28.1666666667,88.35,-18.3333333333,41.85
18045,20,0,5,3,1,3,6,1,1,0,0,0,0,42.45,67.3333333333,57.05,24.8833333333,14.6
07853,10,0,2,1,4,2,0,0,1,0,0,0,0,25.6666666667,48.5333333333,83.85,22.8666666667,58.1833333333
08801,29,0,3,3,6,9,4,3,1,0,0,0,0,14.3666666667,39.3166666667,62.5166666667,24.95,48.15
07832,2,0,0,0,1,1,0,0,0,0,0,0,0,55,66.5666666667,90.3833333333,11.5666666667,35.3833333333
18210,1,0,0,1,0,0,0,0,0,0,0,0,0,82.25,104.4666666667,77.9333333333,22.2166666667,-4.3166666667
07023,10,0,1,0,1,6,1,0,1,0,0,0,0,31.65,14.05,88.4333333333,-17.6,56.7833333333
07677,1,0,0,0,1,0,0,0,0,0,0,0,0,64.6833333333,36.4833333333,121.3666666667,-28.2,56.6833333333
48108,1,0,0,0,1,0,0,0,0,0,0,0,0,532.3666666667,543.5166666667,515.7333333333,11.15,-16.6333333333
07016,17,0,0,0,7,3,3,0,3,1,0,0,0,40.25,5.4166666667,89.4833333333,-34.8333333333,49.2333333333
07825,4,0,1,0,0,1,1,1,0,0,0,0,0,59.4166666667,63.8166666667,98.3166666667,4.4,38.9
08837,6,0,2,0,2,2,0,0,0,0,0,0,0,32.8333333333,20.0333333333,77.95,-12.8,45.1166666667
08060,2,0,2,0,0,0,0,0,0,0,0,0,0,66.9833333333,62.0833333333,52.05,-4.9,-14.9333333333
18040,22,0,4,0,3,9,5,1,0,0,0,0,0,42.6166666667,67.5,63.9,24.8833333333,21.2833333333
07928,15,1,1,1,6,1,3,1,1,0,0,0,0,34.7833333333,20.95,92.8166666667,-13.8333333333,58.0333333333
19382,2,0,1,0,0,0,1,0,0,0,0,0,0,104.7333333333,115.35,49.2166666667,10.6166666667,-55.5166666667
07083,16,0,6,0,2,1,4,1,1,1,0,0,0,39.8333333333,6.6166666667,92.5333333333,-33.2166666667,52.7
08724,2,0,0,0,1,0,1,0,0,0,0,0,0,71.1166666667,52.7833333333,85.0166666667,-18.3333333333,13.9
07010,1,0,0,0,0,0,0,0,0,1,0,0,0,59.35,33.3333333333,109.5166666667,-26.0166666667,50.1666666667
08854,26,1,7,1,5,6,5,0,0,1,0,0,0,25.15,24.4333333333,79.65,-0.7166666667,54.5
19020,4,0,2,0,0,0,2,0,0,0,0,0,0,59.9333333333,69.65,36.8166666667,9.7166666667,-23.1166666667
07054,4,0,3,0,1,0,0,0,0,0,0,0,0,36.9166666667,28.0333333333,94.5333333333,-8.8833333333,57.6166666667
07930,8,0,2,0,2,2,1,1,0,0,0,0,0,30.7,43.5,87.7166666667,12.8,57.0166666667
08540,22,1,5,1,7,2,4,1,0,0,0,0,1,34.9833333333,47.6333333333,63.1833333333,12.65,28.2
18036,5,0,1,0,2,2,0,0,0,0,0,0,0,53.1,77.9833333333,33.6,24.8833333333,-19.5
07202,2,0,0,0,1,0,1,0,0,0,0,0,0,46.1,14.0833333333,87.1,-32.0166666667,41
07059,23,0,7,1,3,7,3,1,1,0,0,0,0,25.4666666667,26.3333333333,81.8166666667,0.8666666667,56.35
07974,8,1,4,1,1,1,0,0,0,0,0,0,0,30.7,20.0333333333,88.7333333333,-10.6666666667,58.0333333333
18034,4,0,0,0,2,1,0,0,1,0,0,0,0,44.9333333333,69.8166666667,39.45,24.8833333333,-5.4833333333
07027,3,0,0,1,1,0,0,0,0,1,0,0,0,37.25,7.95,90.0333333333,-29.3,52.7833333333
08826,19,0,8,0,6,3,2,0,0,0,0,0,0,29.45,54.5166666667,80.9,25.0666666667,51.45
07821,1,0,0,0,0,1,0,0,0,0,0,0,0,52.6166666667,49.9333333333,103.7166666667,-2.6833333333,51.1
07042,2,0,0,0,1,0,0,0,1,0,0,0,0,49.85,21.6666666667,106.4166666667,-28.1833333333,56.5666666667
07823,4,0,1,2,0,1,0,0,0,0,0,0,0,39.4333333333,64.3166666667,76.3666666667,24.8833333333,36.9333333333
10977,2,0,0,0,0,0,0,0,2,0,0,0,0,67.7333333333,43.25,125.35,-24.4833333333,57.6166666667
19422,7,0,3,0,3,1,0,0,0,0,0,0,0,65.9166666667,88.8666666667,8.1,22.95,-57.8166666667
07960,29,1,4,1,9,11,1,1,1,0,0,0,0,28.4666666667,28.6166666667,86.0833333333,0.15,57.6166666667
07860,2,0,0,0,0,0,1,0,1,0,0,0,0,62.6166666667,60.8833333333,106.1166666667,-1.7333333333,43.5
07036,9,0,3,3,0,2,0,1,0,0,0,0,0,45.5166666667,15.4833333333,89.4333333333,-30.0333333333,43.9166666667
08802,18,0,6,2,3,4,2,1,0,0,0,0,0,24.2166666667,49.1,66.55,24.8833333333,42.3333333333
19075,1,0,1,0,0,0,0,0,0,0,0,0,0,68.55,79.4666666667,19.1833333333,10.9166666667,-49.3666666667
18020,15,0,4,1,1,6,2,1,0,0,0,0,0,41.9666666667,66.85,51.6166666667,24.8833333333,9.65
07306,2,0,0,0,0,0,1,0,0,1,0,0,0,48.7166666667,22.4833333333,100.0166666667,-26.2333333333,51.3
19355,2,0,0,1,0,0,1,0,0,0,0,0,0,87.2166666667,97.8333333333,32.2,10.6166666667,-55.0166666667
07826,2,0,0,0,0,1,0,0,1,0,0,0,0,97.05,88.6666666667,141.7833333333,-8.3833333333,44.7333333333
11374,2,0,1,0,1,0,0,0,0,0,0,0,0,70.4333333333,44.2,121.9833333333,-26.2333333333,51.55
07885,1,0,1,0,0,0,0,0,0,0,0,0,0,46.6166666667,38.2333333333,104.2333333333,-8.3833333333,57.6166666667
19426,13,0,1,0,4,0,7,1,0,0,0,0,0,84.4,101.45,20,17.05,-64.4
08882,2,0,0,0,2,0,0,0,0,0,0,0,0,40.2166666667,29.3666666667,77.7666666667,-10.85,37.55
10310,1,1,0,0,0,0,0,0,0,0,0,0,0,53.9833333333,27.5833333333,96.4166666667,-26.4,42.4333333333
19462,1,0,0,0,0,0,1,0,0,0,0,0,0,84.9666666667,95.5833333333,29.55,10.6166666667,-55.4166666667
07670,1,0,0,0,1,0,0,0,0,0,0,0,0,63.4833333333,37.4666666667,113.6666666667,-26.0166666667,50.1833333333
07931,4,0,1,0,1,0,0,1,1,0,0,0,0,23.6166666667,37.0166666667,81.2333333333,13.4,57.6166666667
07882,12,0,2,0,4,3,1,1,1,0,0,0,0,33.8833333333,58.7666666667,73.85,24.8833333333,39.9666666667
07945,7,1,1,0,2,1,2,0,0,0,0,0,0,32.2833333333,36.5666666667,89.9,4.2833333333,57.6166666667
07076,19,1,1,1,5,4,4,0,1,2,0,0,0,35.5166666667,15.4666666667,92.6833333333,-20.05,57.1666666667
98346,1,0,0,0,0,0,0,0,1,0,0,0,0,2524.0833333333,2535.2333333333,2507.45,11.15,-16.6333333333
08512,1,0,0,0,0,1,0,0,0,0,0,0,0,49.7666666667,36.3833333333,63.8666666667,-13.3833333333,14.1
07701,3,0,0,0,3,0,0,0,0,0,0,0,0,56.45,38.1166666667,95.35,-18.3333333333,38.9
07676,1,0,0,0,1,0,0,0,0,0,0,0,0,63.8,35.6,120.4833333333,-28.2,56.6833333333
08850,5,0,0,0,2,0,1,2,0,0,0,0,0,38.0166666667,29.3333333333,76.7,-8.6833333333,38.6833333333
07067,11,0,0,1,1,2,4,1,1,1,0,0,0,40.8666666667,15.9166666667,85.5666666667,-24.95,44.7
07922,10,0,0,2,2,1,3,2,0,0,0,0,0,28.0333333333,19.4166666667,86.05,-8.6166666667,58.0166666667
07940,13,0,1,2,2,3,2,1,2,0,0,0,0,33.3666666667,22.5833333333,90.9833333333,-10.7833333333,57.6166666667
08846,6,0,0,0,1,2,2,1,0,0,0,0,0,23.9166666667,26.4666666667,78.4166666667,2.55,54.5
18042,15,0,2,2,4,3,2,1,1,0,0,0,0,33.2833333333,58.1666666667,56.0333333333,24.8833333333,22.75
18925,5,0,1,0,3,0,1,0,0,0,0,0,0,45.1166666667,77.15,29.95,32.0333333333,-15.1666666667
08559,8,0,3,0,1,2,1,1,0,0,0,0,0,28.3,60.9666666667,42.3333333333,32.6666666667,14.0333333333
18960,3,0,2,0,0,0,1,0,0,0,0,0,0,65.5666666667,89.95,20.7666666667,24.3833333333,-44.8
18901,33,0,3,3,9,6,9,0,3,0,0,0,0,45.6333333333,77.6666666667,24.35,32.0333333333,-21.2833333333
18052,5,0,1,1,0,0,2,0,1,0,0,0,0,57.1666666667,82.05,45.8333333333,24.8833333333,-11.3333333333
18920,1,0,0,0,0,0,0,0,1,0,0,0,0,34.7666666667,62.1833333333,45.55,27.4166666667,10.7833333333
08867,14,1,4,1,4,1,2,1,0,0,0,0,0,23.8333333333,48.35,58.7166666667,24.5166666667,34.8833333333
07078,7,0,0,5,1,0,0,1,0,0,0,0,0,35.1,16.75,93.1333333333,-18.35,58.0333333333
07803,1,0,1,0,0,0,0,0,0,0,0,0,0,44.05,37.8666666667,101.6666666667,-6.1833333333,57.6166666667
08755,1,0,0,0,0,0,0,0,1,0,0,0,0,76.8833333333,58.55,84.8833333333,-18.3333333333,8
07002,3,0,1,0,0,1,0,0,0,1,0,0,0,48.4833333333,22.4666666667,96.3833333333,-26.0166666667,47.9
18929,4,0,1,0,1,2,0,0,0,0,0,0,0,47.25,79.2833333333,28.9333333333,32.0333333333,-18.3166666667
10022,1,0,0,0,0,0,0,1,0,0,0,0,0,63.4,37.1666666667,113.95,-26.2333333333,50.55
17111,1,0,1,0,0,0,0,0,0,0,0,0,0,123.9,148.7833333333,102.55,24.8833333333,-21.35
08857,9,0,2,1,2,3,0,0,1,0,0,0,0,43.65,30.4166666667,80.1166666667,-13.2333333333,36.4666666667
07456,2,0,0,1,1,0,0,0,0,0,0,0,0,60.3,51.9166666667,117.9166666667,-8.3833333333,57.6166666667
38117,1,0,1,0,0,0,0,0,0,0,0,0,0,912.1333333333,937.0166666667,894.6833333333,24.8833333333,-17.45
19403,7,0,3,0,3,0,1,0,0,0,0,0,0,76.0166666667,93.0666666667,13.7,17.05,-62.3166666667
10001,1,0,0,0,1,0,0,0,0,0,0,0,0,57.1333333333,31.1166666667,106.5833333333,-26.0166666667,49.45
07840,15,1,7,1,1,3,1,1,0,0,0,0,0,39.2,55.1666666667,92.75,15.9666666667,53.55
08809,24,0,7,4,4,3,2,2,2,0,0,0,0,22.3,47.1833333333,69.4333333333,24.8833333333,47.1333333333
07063,3,0,1,0,0,1,0,0,1,0,0,0,0,28.2,20.6,82.7166666667,-7.6,54.5166666667
18343,2,0,2,0,0,0,0,0,0,0,0,0,0,53.7333333333,65.5333333333,83.9833333333,11.8,30.25
07753,2,0,0,0,0,2,0,0,0,0,0,0,0,57.4333333333,39.1,80.7,-18.3333333333,23.2666666667
07924,5,0,2,2,0,1,0,0,0,0,0,0,0,26.1833333333,35.2,83.8,9.0166666667,57.6166666667
07463,1,0,1,0,0,0,0,0,0,0,0,0,0,59.4833333333,37.9,117.1,-21.5833333333,57.6166666667
10993,1,0,1,0,0,0,0,0,0,0,0,0,0,81.1,58.3,138.7166666667,-22.8,57.6166666667
18103,7,0,2,0,3,2,0,0,0,0,0,0,0,51.65,76.5333333333,44.85,24.8833333333,-6.8
12060,1,0,0,0,0,0,0,1,0,0,0,0,0,168.8,155.0666666667,226.4166666667,-13.7333333333,57.6166666667
02043,2,0,0,0,2,0,0,0,0,0,0,0,0,282.1833333333,256.1666666667,332.3666666667,-26.0166666667,50.1833333333
07438,1,0,1,0,0,0,0,0,0,0,0,0,0,58.9333333333,50.55,116.55,-8.3833333333,57.6166666667
19116,1,0,1,0,0,0,0,0,0,0,0,0,0,60.9833333333,71.95,37.85,10.9666666667,-23.1333333333
19002,4,0,0,0,1,0,2,1,0,0,0,0,0,60.8166666667,80.2166666667,11.3,19.4,-49.5166666667
08501,2,0,0,0,1,0,1,0,0,0,0,0,0,59.8833333333,48.5,54.65,-11.3833333333,-5.2333333333
18054,3,0,1,0,1,0,1,0,0,0,0,0,0,76.05,100.9333333333,26.75,24.8833333333,-49.3
07436,2,0,0,0,0,1,0,0,1,0,0,0,0,50.4333333333,41.5833333333,108.05,-8.85,57.6166666667
18938,12,0,0,1,2,2,6,1,0,0,0,0,0,32.7333333333,64.7666666667,34.4,32.0333333333,1.6666666667
08050,3,0,0,0,0,1,2,0,0,0,0,0,0,93.8833333333,75.55,95.8166666667,-18.3333333333,1.9333333333
08848,22,0,8,1,1,6,4,1,1,0,0,0,0,29.6666666667,54.55,57.9333333333,24.8833333333,28.2666666667
18914,10,0,2,0,5,0,3,0,0,0,0,0,0,54.5666666667,86.6,16.35,32.0333333333,-38.2166666667
07401,2,0,0,0,0,1,0,1,0,0,0,0,0,60.0833333333,37.95,117.7,-22.1333333333,57.6166666667
07033,6,0,0,0,3,2,0,0,0,1,0,0,0,40.0833333333,0,89.9833333333,-40.0833333333,49.9
19130,3,0,1,0,2,0,0,0,0,0,0,0,0,76.6166666667,88.3333333333,38.9166666667,11.7166666667,-37.7
33067,1,0,0,0,0,0,1,0,0,0,0,0,0,1067.5666666667,1065.85,1019.2833333333,-1.7166666667,-48.2833333333
08804,5,0,0,0,1,1,3,0,0,0,0,0,0,27.9166666667,52.8,65.1833333333,24.8833333333,37.2666666667
07950,7,0,3,0,0,1,3,0,0,0,0,0,0,35.8333333333,27.8,93.45,-8.0333333333,57.6166666667
08887,3,1,1,0,1,0,0,0,0,0,0,0,0,12.9666666667,42.5166666667,57.8166666667,29.55,44.85
07760,2,0,0,0,1,1,0,0,0,0,0,0,0,63.85,45.5166666667,101.5333333333,-18.3333333333,37.6833333333
07045,2,0,0,0,1,1,0,0,0,0,0,0,0,39.3333333333,30.95,96.95,-8.3833333333,57.6166666667
08510,4,0,0,1,1,2,0,0,0,0,0,0,0,65.2666666667,52.4333333333,64.3833333333,-12.8333333333,-0.8833333333
08805,7,0,0,0,2,2,3,0,0,0,0,0,0,20.3166666667,27.4166666667,74.8166666667,7.1,54.5
07006,4,0,1,0,0,3,0,0,0,0,0,0,0,45.2833333333,28.15,102.9,-17.1333333333,57.6166666667
07081,15,0,1,2,3,7,0,0,1,1,0,0,0,35.95,9.0333333333,94.35,-26.9166666667,58.4
18017,7,0,0,0,3,1,3,0,0,0,0,0,0,47.4666666667,72.35,47.1166666667,24.8833333333,-0.35
07095,6,0,0,0,2,2,1,1,0,0,0,0,0,37.5166666667,17.9666666667,82.6333333333,-19.55,45.1166666667
07110,2,0,1,0,0,0,0,1,0,0,0,0,0,49.9,21.7,105.2666666667,-28.2,55.3666666667
08550,7,0,2,0,1,3,1,0,0,0,0,0,0,52,48.6666666667,56.9666666667,-3.3333333333,4.9666666667
19468,4,0,1,0,2,0,1,0,0,0,0,0,0,92.9833333333,104,28.7666666667,11.0166666667,-64.2166666667
08721,2,0,2,0,0,0,0,0,0,0,0,0,0,83.25,64.9166666667,97.25,-18.3333333333,14
07720,1,0,0,0,0,1,0,0,0,0,0,0,0,67.3833333333,49.05,83.9,-18.3333333333,16.5166666667
07302,14,0,1,0,3,5,4,0,0,1,0,0,0,50.8833333333,24.65,101.0166666667,-26.2333333333,50.1333333333
07675,4,0,0,0,2,0,1,1,0,0,0,0,0,70.35,42.15,127.0333333333,-28.2,56.6833333333
07728,7,0,0,0,3,2,1,0,1,0,0,0,0,60.5833333333,42.25,74.4666666667,-18.3333333333,13.8833333333
07082,2,0,0,0,2,0,0,0,0,0,0,0,0,42.7833333333,34.4,100.4,-8.3833333333,57.6166666667
08536,2,0,0,0,1,0,1,0,0,0,0,0,0,44.4333333333,42.6166666667,59.7833333333,-1.8166666667,15.35
18074,1,0,1,0,0,0,0,0,0,0,0,0,0,77.0666666667,101.95,28.45,24.8833333333,-48.6166666667
18106,2,0,1,0,0,0,0,0,1,0,0,0,0,57.5833333333,82.4666666667,38.05,24.8833333333,-19.5333333333
08085,2,1,0,0,1,0,0,0,0,0,0,0,0,97.5166666667,90.9,51.8833333333,-6.6166666667,-45.6333333333
07863,3,0,0,1,1,1,0,0,0,0,0,0,0,36.8166666667,61.7,85.6166666667,24.8833333333,48.8
08836,7,0,0,0,2,3,2,0,0,0,0,0,0,21.4166666667,28.8666666667,75.9166666667,7.45,54.5
07432,4,0,0,0,1,2,0,0,1,0,0,0,0,58.7666666667,37.5666666667,116.3833333333,-21.2,57.6166666667
03825,1,0,0,0,1,0,0,0,0,0,0,0,0,320.4166666667,295.6166666667,371.8166666667,-24.8,51.4
08108,1,0,0,1,0,0,0,0,0,0,0,0,0,80.9166666667,79.3333333333,51.65,-1.5833333333,-29.2666666667
18039,1,0,0,0,0,0,1,0,0,0,0,0,0,41.6833333333,66.5666666667,49.6833333333,24.8833333333,8
08884,3,0,1,0,0,0,2,0,0,0,0,0,0,44.8666666667,34.2,75.6833333333,-10.6666666667,30.8166666667
07068,1,0,1,0,0,0,0,0,0,0,0,0,0,43.3,23.3333333333,100.9166666667,-19.9666666667,57.6166666667
19454,7,0,0,0,3,1,3,0,0,0,0,0,0,58.4833333333,85.1833333333,6.6666666667,26.7,-51.8166666667
07834,11,0,5,0,1,2,2,0,1,0,0,0,0,37.5666666667,29.1833333333,95.1833333333,-8.3833333333,57.6166666667
27809,1,0,0,0,0,0,1,0,0,0,0,0,0,412.3,410.5833333333,364.0166666667,-1.7166666667,-48.2833333333
08823,4,0,4,0,0,0,0,0,0,0,0,0,0,34.95,38.4,69.9,3.45,34.95
18064,8,0,3,0,0,1,4,0,0,0,0,0,0,48.6,73.4833333333,61.2166666667,24.8833333333,12.6166666667
18928,1,0,0,0,0,1,0,0,0,0,0,0,0,36.4666666667,68.5,28.4666666667,32.0333333333,-8
19067,8,0,3,0,2,0,0,1,2,0,0,0,0,50.55,63.1333333333,39.9166666667,12.5833333333,-10.6333333333
07921,10,0,3,0,2,3,1,0,0,1,0,0,0,19.2,27.95,72.8333333333,8.75,53.6333333333
19128,1,0,0,0,0,0,0,1,0,0,0,0,0,79.4833333333,90.9166666667,28.0666666667,11.4333333333,-51.4166666667
07726,4,0,3,0,0,0,0,1,0,0,0,0,0,58.05,39.3166666667,68.9666666667,-18.7333333333,10.9166666667
10011,3,0,1,0,1,1,0,0,0,0,0,0,0,56.15,29.9166666667,107.7,-26.2333333333,51.55
08560,3,1,0,0,0,0,2,0,0,0,0,0,0,37,62.9,46.75,25.9,9.75
07208,3,0,0,0,1,1,0,1,0,0,0,0,0,42.25,11.7166666667,92.8166666667,-30.5333333333,50.5666666667
07470,5,0,3,0,0,2,0,0,0,0,0,0,0,50.4833333333,31.4333333333,108.1,-19.05,57.6166666667
08535,3,0,0,1,0,0,2,0,0,0,0,0,0,57.3166666667,44.4833333333,64.25,-12.8333333333,6.9333333333
19473,6,0,1,0,3,1,0,1,0,0,0,0,0,82.9166666667,105.5666666667,18.7,22.65,-64.2166666667
10954,3,0,1,0,1,0,1,0,0,0,0,0,0,66.7166666667,42.2333333333,124.3333333333,-24.4833333333,57.6166666667
07876,1,0,0,0,1,0,0,0,0,0,0,0,0,37.9666666667,41.45,95.5833333333,3.4833333333,57.6166666667
08075,1,0,1,0,0,0,0,0,0,0,0,0,0,70.65,71.8833333333,52.6666666667,1.2333333333,-17.9833333333
34232,1,0,1,0,0,0,0,0,0,0,0,0,0,1025.7,1023.9833333333,977.4166666667,-1.7166666667,-48.2833333333
08835,3,0,1,1,0,0,1,0,0,0,0,0,0,20.9666666667,32.0666666667,73.3333333333,11.1,52.3666666667
08829,7,0,0,0,1,2,2,1,0,0,1,0,0,17.9166666667,42.9833333333,70.3666666667,25.0666666667,52.45
07430,1,0,0,0,0,0,1,0,0,0,0,0,0,58.3,44.8833333333,115.9166666667,-13.4166666667,57.6166666667
07869,9,0,1,1,3,3,0,1,0,0,0,0,0,42.4833333333,34.7,100.1,-7.7833333333,57.6166666667
07450,1,0,0,0,0,1,0,0,0,0,0,0,0,62.45,34.25,119.1333333333,-28.2,56.6833333333
08558,6,0,2,0,2,2,0,0,0,0,0,0,0,33.1833333333,53.7,59.8,20.5166666667,26.6166666667
30331,1,0,0,0,0,0,1,0,0,0,0,0,0,756.35,781.2333333333,739.6833333333,24.8833333333,-16.6666666667
18051,3,0,1,0,1,0,1,0,0,0,0,0,0,58.7666666667,83.65,41.3166666667,24.8833333333,-17.45
07105,1,0,1,0,0,0,0,0,0,0,0,0,0,43.3833333333,17.15,95.3833333333,-26.2333333333,52
07666,2,0,0,0,0,1,0,0,1,0,0,0,0,59.15,32.5,109.3333333333,-26.65,50.1833333333
08534,10,0,3,0,0,6,0,0,1,0,0,0,0,36.3666666667,58.7166666667,48.2,22.35,11.8333333333
10950,1,0,0,0,1,0,0,0,0,0,0,0,0,78.9833333333,65.25,136.6,-13.7333333333,57.6166666667
07946,4,0,2,1,0,0,0,0,0,0,0,0,1,23.95,26,81.9833333333,2.05,58.0333333333
18055,10,0,4,2,1,2,1,0,0,0,0,0,0,46.1333333333,71.0166666667,49.75,24.8833333333,3.6166666667
07044,2,0,0,0,1,1,0,0,0,0,0,0,0,49.6833333333,24.0166666667,107.3,-25.6666666667,57.6166666667
08753,2,0,1,0,0,1,0,0,0,0,0,0,0,79.65,61.3166666667,91.95,-18.3333333333,12.3
07070,1,0,0,0,0,1,0,0,0,0,0,0,0,52.8666666667,26.25,102.4166666667,-26.6166666667,49.55
07028,3,0,0,1,0,1,1,0,0,0,0,0,0,45.2833333333,17.1,101.85,-28.1833333333,56.5666666667
18974,2,1,0,0,0,1,0,0,0,0,0,0,0,51.5666666667,81.0666666667,29.9666666667,29.5,-21.6
07718,1,0,0,0,0,0,0,0,1,0,0,0,0,55.3833333333,37.05,100.75,-18.3333333333,45.3666666667
07738,1,0,0,0,0,0,1,0,0,0,0,0,0,54.0166666667,35.6833333333,90.45,-18.3333333333,36.4333333333
66062,1,0,0,0,1,0,0,0,0,0,0,0,0,1055.4,1080.2833333333,1029.1333333333,24.8833333333,-26.2666666667
08859,1,0,0,0,0,0,1,0,0,0,0,0,0,40.4833333333,22.15,84.7333333333,-18.3333333333,44.25
08810,2,0,0,0,0,2,0,0,0,0,0,0,0,47.05,37.7,70.35,-9.35,23.3
19464,2,0,0,0,2,0,0,0,0,0,0,0,0,82.4666666667,107.35,36.4333333333,24.8833333333,-46.0333333333
19465,1,0,0,0,0,0,1,0,0,0,0,0,0,90.95,115.8333333333,41.7833333333,24.8833333333,-49.1666666667
08858,4,0,0,0,2,1,1,0,0,0,0,0,0,10.45,34.2666666667,72.55,23.8166666667,62.1
07828,3,0,1,0,0,2,0,0,0,0,0,0,0,42.1833333333,46.6333333333,103.0833333333,4.45,60.9
19106,2,0,1,0,1,0,0,0,0,0,0,0,0,72.25,83.4333333333,42.2833333333,11.1833333333,-29.9666666667
08742,2,0,0,0,0,2,0,0,0,0,0,0,0,71.6666666667,53.3333333333,86.3666666667,-18.3333333333,14.7
08542,1,0,0,0,0,0,1,0,0,0,0,0,0,38.3166666667,50.35,58.05,12.0333333333,19.7333333333
19135,1,0,1,0,0,0,0,0,0,0,0,0,0,66.3,79.4,40.1166666667,13.1,-26.1833333333
10016,2,0,0,0,2,0,0,0,0,0,0,0,0,60.0833333333,33.85,110.7166666667,-26.2333333333,50.6333333333
08016,2,0,1,0,0,0,0,0,1,0,0,0,0,63.6333333333,62.4333333333,45.8833333333,-1.2,-17.75
07731,3,0,2,0,0,0,1,0,0,0,0,0,0,70.8,52.4666666667,73.3833333333,-18.3333333333,2.5833333333
07751,3,0,0,0,1,1,0,1,0,0,0,0,0,51.7833333333,33.45,84.8166666667,-18.3333333333,33.0333333333
18062,3,1,1,0,1,0,0,0,0,0,0,0,0,58.7833333333,83.6666666667,45.9166666667,24.8833333333,-12.8666666667
19444,3,0,0,0,1,1,1,0,0,0,0,0,0,75.65,86.2666666667,21.0833333333,10.6166666667,-54.5666666667
03253,1,0,0,0,1,0,0,0,0,0,0,0,0,342.5666666667,317.7666666667,393.9666666667,-24.8,51.4
19428,2,0,1,1,0,0,0,0,0,0,0,0,0,75.05,85.6666666667,22.8,10.6166666667,-52.25
07422,1,0,0,0,1,0,0,0,0,0,0,0,0,74.1,65.5333333333,131.7166666667,-8.5666666667,57.6166666667
07871,2,0,0,0,1,0,0,0,1,0,0,0,0,57.9166666667,49.5333333333,115.5333333333,-8.3833333333,57.6166666667
18031,1,0,0,0,1,0,0,0,0,0,0,0,0,60.9166666667,85.8,44.0833333333,24.8833333333,-16.8333333333
07001,3,0,0,1,0,1,1,0,0,0,0,0,0,41.8333333333,18.6166666667,88.1166666667,-23.2166666667,46.2833333333
07836,5,0,3,0,0,0,1,1,0,0,0,0,0,35.75,45.25,93.3666666667,9.5,57.6166666667
07040,4,0,1,0,1,0,0,1,1,0,0,0,0,35.3166666667,13.1333333333,93.3333333333,-22.1833333333,58.0166666667
18964,3,0,1,0,2,0,0,0,0,0,0,0,0,68.3666666667,97.85,18,29.4833333333,-50.3666666667
90293,1,0,0,0,1,0,0,0,0,0,0,0,0,2366.7166666667,2391.6,2340.45,24.8833333333,-26.2666666667
07052,4,0,1,1,2,0,0,0,0,0,0,0,0,45.5666666667,18.2333333333,103.1833333333,-27.3333333333,57.6166666667
13905,1,0,0,0,1,0,0,0,0,0,0,0,0,157.4833333333,168.6166666667,156.0166666667,11.1333333333,-1.4666666667
08861,6,0,1,0,1,2,1,1,0,0,0,0,0,37.4833333333,19.1333333333,82.85,-18.35,45.3666666667
18334,1,0,1,0,0,0,0,0,0,0,0,0,0,83.0166666667,96.6666666667,84.8333333333,13.65,1.8166666667
18322,1,0,1,0,0,0,0,0,0,0,0,0,0,64.25,86.4833333333,72.8833333333,22.2333333333,8.6333333333
07927,2,0,0,0,1,1,0,0,0,0,0,0,0,33.3166666667,24.35,90.9333333333,-8.9666666667,57.6166666667
12010,1,0,0,0,1,0,0,0,0,0,0,0,0,184.15,170.4166666667,241.7666666667,-13.7333333333,57.6166666667
07060,8,0,2,1,2,1,1,1,0,0,0,0,0,31.25,19.7666666667,85.7666666667,-11.4833333333,54.5166666667
18337,1,0,0,0,0,0,0,0,1,0,0,0,0,91.45,83.0666666667,125.2,-8.3833333333,33.75
18301,2,0,0,0,1,1,0,0,0,0,0,0,0,68.8,79.95,86.9333333333,11.15,18.1333333333
18977,2,0,0,0,0,0,2,0,0,0,0,0,0,43.7666666667,62.8166666667,43.3666666667,19.05,-0.4
07003,1,0,0,0,0,0,1,0,0,0,0,0,0,44.3,16.1166666667,100.8666666667,-28.1833333333,56.5666666667
18072,2,0,0,0,0,2,0,0,0,0,0,0,0,53.7666666667,78.65,68.15,24.8833333333,14.3833333333
08816,8,0,6,0,0,1,1,0,0,0,0,0,0,39.25,30.0166666667,76.2,-9.2333333333,36.95
08901,3,0,1,0,1,0,1,0,0,0,0,0,0,32.3333333333,28.6833333333,76.3166666667,-3.65,43.9833333333
18104,5,0,3,0,0,1,0,1,0,0,0,0,0,54.95,79.8333333333,38.45,24.8833333333,-16.5
08817,6,0,1,0,1,3,1,0,0,0,0,0,0,33.8666666667,20.5166666667,77.1333333333,-13.35,43.2666666667
02482,1,0,0,0,1,0,0,0,0,0,0,0,0,250.9333333333,226.1333333333,302.3333333333,-24.8,51.4
08824,5,0,3,0,0,1,1,0,0,0,0,0,0,37.9166666667,38.1333333333,66.65,0.2166666667,28.7333333333
08648,4,0,1,0,2,1,0,0,0,0,0,0,0,46.1833333333,57.4166666667,51.5166666667,11.2333333333,5.3333333333
08619,3,0,1,0,1,1,0,0,0,0,0,0,0,44.4166666667,51.1166666667,49.1166666667,6.7,4.7
07934,2,0,0,0,1,0,1,0,0,0,0,0,0,24.0833333333,37.4833333333,81.7,13.4,57.6166666667
19118,3,0,0,0,2,0,1,0,0,0,0,0,0,74.4666666667,85.9,24.4166666667,11.4333333333,-50.05
07206,3,0,1,0,1,1,0,0,0,0,0,0,0,47.7,19.6666666667,91.1166666667,-28.0333333333,43.4166666667
08869,6,0,1,1,1,1,1,1,0,0,0,0,0,13.0833333333,34.0666666667,64.9666666667,20.9833333333,51.8833333333
07086,1,0,0,0,0,0,1,0,0,0,0,0,0,52.4333333333,26.4166666667,101.8833333333,-26.0166666667,49.45
10075,1,0,0,0,1,0,0,0,0,0,0,0,0,68.35,42.1166666667,117.2166666667,-26.2333333333,48.8666666667
15102,1,0,0,0,1,0,0,0,0,0,0,0,0,321.2,346.0833333333,294.9333333333,24.8833333333,-26.2666666667
95051,1,0,0,0,0,0,0,1,0,0,0,0,0,2497.4833333333,2508.6333333333,2480.85,11.15,-16.6333333333
07204,6,0,0,0,1,0,4,0,1,0,0,0,0,42.1666666667,6.0666666667,90.15,-36.1,47.9833333333
19038,1,0,0,0,0,0,1,0,0,0,0,0,0,69.0166666667,80.4666666667,20.3833333333,11.45,-48.6333333333
08730,1,0,1,0,0,0,0,0,0,0,0,0,0,68.45,50.1166666667,83.0833333333,-18.3333333333,14.6333333333
08003,1,0,0,1,0,0,0,0,0,0,0,0,0,77.6166666667,75.5833333333,59.2666666667,-2.0333333333,-18.35
19401,2,0,0,1,1,0,0,0,0,0,0,0,0,73.2666666667,88.35,15.45,15.0833333333,-57.8166666667
18932,1,0,0,0,1,0,0,0,0,0,0,0,0,58.25,90.2833333333,15.8333333333,32.0333333333,-42.4166666667
27587,2,0,0,0,0,0,1,1,0,0,0,0,0,442.25,440.5333333333,393.9666666667,-1.7166666667,-48.2833333333
19440,4,1,2,0,1,0,0,0,0,0,0,0,0,61.95,93.9833333333,14.05,32.0333333333,-47.9
46032,1,0,0,0,1,0,0,0,0,0,0,0,0,618.5833333333,643.4666666667,592.3166666667,24.8833333333,-26.2666666667
94301,1,0,0,0,1,0,0,0,0,0,0,0,0,2496.25,2507.4,2479.6166666667,11.15,-16.6333333333
14770,1,0,0,0,1,0,0,0,0,0,0,0,0,304.6666666667,315.8,291.5833333333,11.1333333333,-13.0833333333
07062,4,0,0,0,3,1,0,0,0,0,0,0,0,32.7833333333,16.4,87.2833333333,-16.3833333333,54.5
08062,3,0,0,0,1,1,0,1,0,0,0,0,0,99.9333333333,92.9833333333,60.6833333333,-6.95,-39.25
08527,3,0,1,0,0,0,1,1,0,0,0,0,0,77.0166666667,59.95,71.7833333333,-17.0666666667,-5.2333333333
19031,2,1,0,0,1,0,0,0,0,0,0,0,0,73.9666666667,85.4,19.7666666667,11.4333333333,-54.2
18360,1,0,1,0,0,0,0,0,0,0,0,0,0,61.85,78.2333333333,74.0166666667,16.3833333333,12.1666666667
15044,1,0,0,0,1,0,0,0,0,0,0,0,0,311.5666666667,336.45,285.2833333333,24.8833333333,-26.2833333333
01070,1,0,0,0,1,0,0,0,0,0,0,0,0,224,210.2666666667,281.6166666667,-13.7333333333,57.6166666667
19136,1,0,1,0,0,0,0,0,0,0,0,0,0,63.7833333333,77.1666666667,42.05,13.3833333333,-21.7333333333
15003,1,0,1,0,0,0,0,0,0,0,0,0,0,337.4666666667,362.35,311.2,24.8833333333,-26.2666666667
08034,1,0,0,0,0,0,1,0,0,0,0,0,0,74.5,71.9166666667,56.15,-2.5833333333,-18.35
08520,4,0,0,0,0,2,1,0,1,0,0,0,0,53.5333333333,40.7,60.4666666667,-12.8333333333,6.9333333333
08638,3,0,2,0,0,1,0,0,0,0,0,0,0,45.15,58.75,48.3333333333,13.6,3.1833333333
07069,2,0,1,0,0,0,1,0,0,0,0,0,0,27.9666666667,17.9166666667,86,-10.05,58.0333333333
15084,1,0,0,0,1,0,0,0,0,0,0,0,0,314.7166666667,339.6,288.4333333333,24.8833333333,-26.2833333333
11510,1,0,0,0,1,0,0,0,0,0,0,0,0,104.6,78.2,147.0333333333,-26.4,42.4333333333
08852,4,0,1,1,0,0,0,1,0,1,0,0,0,42.2666666667,37.6,64.3833333333,-4.6666666667,22.1166666667
08054,1,0,0,0,0,1,0,0,0,0,0,0,0,73.3833333333,72.8666666667,57.4166666667,-0.5166666667,-15.9666666667
08035,1,0,0,0,0,0,1,0,0,0,0,0,0,79.25,76.6833333333,53.5666666667,-2.5666666667,-25.6833333333
27807,1,0,1,0,0,0,0,0,0,0,0,0,0,430.6166666667,428.9,382.3333333333,-1.7166666667,-48.2833333333
08863,4,0,1,1,0,2,0,0,0,0,0,0,0,34.2333333333,15.5666666667,79.6666666667,-18.6666666667,45.4333333333
18940,7,1,0,1,1,1,2,1,0,0,0,0,0,45.2166666667,69.0833333333,40.4833333333,23.8666666667,-4.7333333333
18969,3,0,1,0,1,0,1,0,0,0,0,0,0,70.0333333333,93.5,13.55,23.4666666667,-56.4833333333
19025,1,0,0,0,0,0,1,0,0,0,0,0,0,62.8166666667,76.95,17.65,14.1333333333,-45.1666666667
07039,4,0,0,0,1,3,0,0,0,0,0,0,0,43.5666666667,22.5333333333,101.1833333333,-21.0333333333,57.6166666667
07417,2,0,0,0,1,0,0,0,1,0,0,0,0,50.85,39.1166666667,108.4666666667,-11.7333333333,57.6166666667
18067,1,0,0,0,0,0,0,1,0,0,0,0,0,58.8166666667,83.7,55.1,24.8833333333,-3.7166666667
07878,1,0,0,0,0,0,1,0,0,0,0,0,0,38.5333333333,30.15,96.15,-8.3833333333,57.6166666667
19504,1,0,0,0,1,0,0,0,0,0,0,0,0,71.0333333333,95.9166666667,41.9,24.8833333333,-29.1333333333
19085,1,0,0,1,0,0,0,0,0,0,0,0,0,77.9333333333,88.55,25.85,10.6166666667,-52.0833333333
33331,2,0,0,0,2,0,0,0,0,0,0,0,0,1085.7,1083.9833333333,1037.4166666667,-1.7166666667,-48.2833333333
98801,1,0,0,0,0,0,0,1,0,0,0,0,0,2383.9166666667,2395.0666666667,2367.2833333333,11.15,-16.6333333333
07932,5,0,2,0,0,2,0,1,0,0,0,0,0,37.4166666667,24.7666666667,95.0333333333,-12.65,57.6166666667
08691,3,0,0,1,0,0,1,1,0,0,0,0,0,55.7166666667,48.25,53.7,-7.4666666667,-2.0166666667
08872,3,0,0,0,1,1,1,0,0,0,0,0,0,43.25,25.3666666667,80.7833333333,-17.8833333333,37.5333333333
07978,1,0,0,0,0,0,1,0,0,0,0,0,0,18.6,31.0166666667,73.2833333333,12.4166666667,54.6833333333
18038,1,0,0,0,0,1,0,0,0,0,0,0,0,62.4166666667,87.3,60.3,24.8833333333,-2.1166666667
10024,3,1,0,0,2,0,0,0,0,0,0,0,0,63.8666666667,37.85,113.3166666667,-26.0166666667,49.45
08879,1,0,0,0,1,0,0,0,0,0,0,0,0,37.85,20.0333333333,83.2166666667,-17.8166666667,45.3666666667
08012,1,0,0,0,0,0,1,0,0,0,0,0,0,88.0666666667,83.2166666667,58.3166666667,-4.85,-29.75
07866,2,0,1,0,0,1,0,0,0,0,0,0,0,46.1333333333,37.75,103.75,-8.3833333333,57.6166666667
07029,1,0,1,0,0,0,0,0,0,0,0,0,0,45.5,17.3,99.4333333333,-28.2,53.9333333333
08830,2,0,2,0,0,0,0,0,0,0,0,0,0,38.85,13.9,83.5333333333,-24.95,44.6833333333
18966,2,0,1,0,0,1,0,0,0,0,0,0,0,51.7333333333,78.2333333333,34.5,26.5,-17.2333333333
19119,2,0,0,0,2,0,0,0,0,0,0,0,0,77.95,89.3833333333,27.9,11.4333333333,-50.05
22936,1,0,0,0,0,0,1,0,0,0,0,0,0,324.5333333333,322.8166666667,276.25,-1.7166666667,-48.2833333333
18942,2,0,1,0,0,0,1,0,0,0,0,0,0,46.8333333333,74.25,38.35,27.4166666667,-8.4833333333
07009,1,0,0,0,0,0,0,0,0,1,0,0,0,49.25,26.6666666667,106.8666666667,-22.5833333333,57.6166666667
22314,2,0,0,1,1,0,0,0,0,0,0,0,0,216.0166666667,214.3,167.7333333333,-1.7166666667,-48.2833333333
07737,2,0,2,0,0,0,0,0,0,0,0,0,0,56.9333333333,38.6,102.3,-18.3333333333,45.3666666667
19115,2,0,2,0,0,0,0,0,0,0,0,0,0,64.7,75.6666666667,35.8,10.9666666667,-28.9
08081,1,1,0,0,0,0,0,0,0,0,0,0,0,92.85,88.7666666667,63.1,-4.0833333333,-29.75
19540,1,0,1,0,0,0,0,0,0,0,0,0,0,104.2833333333,123.8833333333,62.0833333333,19.6,-42.2
60202,1,0,0,0,1,0,0,0,0,0,0,0,0,709.0666666667,720.2166666667,692.4333333333,11.15,-16.6333333333
05465,1,0,0,0,1,0,0,0,0,0,0,0,0,343.7166666667,329.9833333333,401.3333333333,-13.7333333333,57.6166666667
19087,4,0,0,0,1,0,1,0,1,0,0,1,0,81.55,92.1666666667,25.7833333333,10.6166666667,-55.7666666667
08052,1,0,1,0,0,0,0,0,0,0,0,0,0,74.4333333333,71.2833333333,50.0833333333,-3.15,-24.35
08225,1,0,1,0,0,0,0,0,0,0,0,0,0,122.2333333333,103.9,98.1666666667,-18.3333333333,-24.0666666667
60611,1,0,0,0,0,0,1,0,0,0,0,0,0,691.5,702.65,674.8666666667,11.15,-16.6333333333
19063,1,1,0,0,0,0,0,0,0,0,0,0,0,90.2333333333,100.85,38.15,10.6166666667,-52.0833333333
10583,1,0,0,0,1,0,0,0,0,0,0,0,0,83.1666666667,57.15,133.35,-26.0166666667,50.1833333333
07457,3,0,1,0,0,1,0,1,0,0,0,0,0,46.5,37.9166666667,104.1166666667,-8.5833333333,57.6166666667
10033,1,0,0,0,1,0,0,0,0,0,0,0,0,61.4666666667,35.45,111.65,-26.0166666667,50.1833333333
20854,1,0,0,0,0,0,0,0,0,0,0,1,0,217.4333333333,215.7166666667,169.15,-1.7166666667,-48.2833333333
07724,2,0,0,0,0,0,0,1,0,1,0,0,0,57.95,39.6166666667,88.4,-18.3333333333,30.45
07733,3,0,0,0,0,2,0,1,0,0,0,0,0,50.7333333333,32.4,90.5666666667,-18.3333333333,39.8333333333
07735,2,0,0,0,1,1,0,0,0,0,0,0,0,45.6333333333,27.3,91,-18.3333333333,45.3666666667
28211,1,0,0,0,0,1,0,0,0,0,0,0,0,540.2333333333,565.1166666667,521.4333333333,24.8833333333,-18.8
07046,2,0,0,0,0,2,0,0,0,0,0,0,0,39.2666666667,30.8833333333,96.8833333333,-8.3833333333,57.6166666667
01104,1,0,0,0,1,0,0,0,0,0,0,0,0,194.8833333333,170.0833333333,246.2833333333,-24.8,51.4
10280,1,0,0,0,0,0,0,1,0,0,0,0,0,56.35,30.1166666667,107.9,-26.2333333333,51.55
08530,8,0,2,2,1,2,0,0,1,0,0,0,0,30.7666666667,62.8,47.0833333333,32.0333333333,16.3166666667
07093,1,1,0,0,0,0,0,0,0,0,0,0,0,55.7,29.6833333333,105.15,-26.0166666667,49.45
07748,3,0,2,0,0,0,1,0,0,0,0,0,0,52.4333333333,34.1,96.3666666667,-18.3333333333,43.9333333333
07722,3,0,0,0,2,0,0,0,1,0,0,0,0,58.7166666667,39.8833333333,82.4,-18.8333333333,23.6833333333
07480,1,0,0,0,0,0,0,1,0,0,0,0,0,60.6666666667,52.0833333333,118.2833333333,-8.5833333333,57.6166666667
10312,2,1,0,0,0,0,1,0,0,0,0,0,0,42.8166666667,25.2833333333,88.2,-17.5333333333,45.3833333333
07018,1,0,1,0,0,0,0,0,0,0,0,0,0,42.75,14.55,99.3166666667,-28.2,56.5666666667
07926,1,0,0,0,1,0,0,0,0,0,0,0,0,34.0833333333,33.65,91.7,-0.4333333333,57.6166666667
18963,2,1,0,0,1,0,0,0,0,0,0,0,0,33.1833333333,65.2166666667,34.75,32.0333333333,1.5666666667
08722,1,0,1,0,0,0,0,0,0,0,0,0,0,79.3833333333,61.05,91.95,-18.3333333333,12.5666666667
07481,2,1,1,0,0,0,0,0,0,0,0,0,0,54.6666666667,38.0333333333,112.2833333333,-16.6333333333,57.6166666667
07405,1,0,0,0,0,1,0,0,0,0,0,0,0,49.8666666667,41.8666666667,107.4833333333,-8,57.6166666667
10924,1,0,0,0,0,0,1,0,0,0,0,0,0,85.0333333333,71.3,142.65,-13.7333333333,57.6166666667
18077,1,0,1,0,0,0,0,0,0,0,0,0,0,38.45,63.3333333333,50.0666666667,24.8833333333,11.6166666667
02908,1,0,0,0,1,0,0,0,0,0,0,0,0,232.1,206.0833333333,282.2833333333,-26.0166666667,50.1833333333
08751,1,0,0,0,0,0,0,1,0,0,0,0,0,85.15,66.8166666667,98.8333333333,-18.3333333333,13.6833333333
75230,1,0,0,0,1,0,0,0,0,0,0,0,0,1310.5333333333,1335.4166666667,1293.0833333333,24.8833333333,-17.45
80129,1,0,0,0,1,0,0,0,0,0,0,0,0,1526.5166666667,1542.2666666667,1500.25,15.75,-26.2666666667
92106,1,0,0,0,0,0,0,1,0,0,0,0,0,2374.9333333333,2399.8166666667,2348.6666666667,24.8833333333,-26.2666666667
44026,1,0,0,0,0,0,1,0,0,0,0,0,0,400.9333333333,412.0833333333,384.3166666667,11.15,-16.6166666667
92708,1,0,0,0,1,0,0,0,0,0,0,0,0,2354.5333333333,2379.4166666667,2328.2666666667,24.8833333333,-26.2666666667
07663,1,0,0,0,0,0,1,0,0,0,0,0,0,54.4166666667,27.7,112.0333333333,-26.7166666667,57.6166666667
18930,3,0,1,0,1,1,0,0,0,0,0,0,0,48.6833333333,73.5666666667,43.8166666667,24.8833333333,-4.8666666667
10597,1,0,0,0,1,0,0,0,0,0,0,0,0,106.9,82.4166666667,161.55,-24.4833333333,54.65
46060,1,0,0,0,1,0,0,0,0,0,0,0,0,618.0666666667,642.95,591.8,24.8833333333,-26.2666666667
10019,1,0,0,0,1,0,0,0,0,0,0,0,0,58.1666666667,32.15,107.6166666667,-26.0166666667,49.45
19103,2,0,0,0,2,0,0,0,0,0,0,0,0,75.7333333333,87.45,38.8833333333,11.7166666667,-36.85
07047,1,1,0,0,0,0,0,0,0,0,0,0,0,54.5666666667,28.55,104.0166666667,-26.0166666667,49.45
19001,1,0,1,0,0,0,0,0,0,0,0,0,0,64.1833333333,77.7666666667,22.1333333333,13.5833333333,-42.05
07304,1,0,0,0,0,0,0,1,0,0,0,0,0,49.55,23.3166666667,100.1,-26.2333333333,50.55
07205,2,0,0,0,1,1,0,0,0,0,0,0,0,39.9833333333,11.85,95.3666666667,-28.1333333333,55.3833333333
07980,1,0,0,0,0,1,0,0,0,0,0,0,0,29.25,26.65,87.2833333333,-2.6,58.0333333333
08525,1,0,0,0,0,0,0,0,1,0,0,0,0,31.3333333333,60.7,54.4166666667,29.3666666667,23.0833333333
18972,1,0,0,0,0,0,0,1,0,0,0,0,0,39.7333333333,64.6166666667,47.7,24.8833333333,7.9666666667
10028,1,0,0,0,0,1,0,0,0,0,0,0,0,68.8333333333,42.6,119.5833333333,-26.2333333333,50.75
98117,1,0,0,0,0,0,0,0,0,1,0,0,0,2462.2666666667,2473.4166666667,2445.6333333333,11.15,-16.6333333333
08088,1,0,0,0,0,0,0,1,0,0,0,0,0,80.3833333333,74.4833333333,67.05,-5.9,-13.3333333333
18018,1,0,0,0,1,0,0,0,0,0,0,0,0,49.5166666667,74.4,48.25,24.8833333333,-1.2666666667
07305,1,0,1,0,0,0,0,0,0,0,0,0,0,49.1,23.0833333333,99.4333333333,-26.0166666667,50.3333333333
07444,1,0,0,0,0,0,1,0,0,0,0,0,0,48.8333333333,35.85,106.45,-12.9833333333,57.6166666667
33624,1,0,0,0,0,0,0,1,0,0,0,0,0,985.8333333333,984.1166666667,937.55,-1.7166666667,-48.2833333333
07856,1,0,0,0,0,1,0,0,0,0,0,0,0,46.9,41.5166666667,104.5166666667,-5.3833333333,57.6166666667
19125,1,0,0,1,0,0,0,0,0,0,0,0,0,71.7166666667,83.25,43.9333333333,11.5333333333,-27.7833333333
15927,1,0,0,0,1,0,0,0,0,0,0,0,0,271.8166666667,285.55,245.55,13.7333333333,-26.2666666667
08505,2,0,0,0,0,1,1,0,0,0,0,0,0,59.2333333333,56.4833333333,46.2166666667,-2.75,-13.0166666667
10708,1,0,0,0,1,0,0,0,0,0,0,0,0,75.85,49.8333333333,126.0333333333,-26.0166666667,50.1833333333
07739,1,0,0,0,0,1,0,0,0,0,0,0,0,59.1,40.7666666667,94.3666666667,-18.3333333333,35.2666666667
04072,1,0,0,0,1,0,0,0,0,0,0,0,0,339.8166666667,315.0166666667,391.2166666667,-24.8,51.4
14221,2,0,0,0,2,0,0,0,0,0,0,0,0,338.35,349.4833333333,336.8833333333,11.1333333333,-1.4666666667
19460,2,0,1,0,1,0,0,0,0,0,0,0,0,90.7666666667,101.3833333333,31.3,10.6166666667,-59.4666666667
08061,1,0,0,0,0,1,0,0,0,0,0,0,0,91.6833333333,89.1166666667,55.8166666667,-2.5666666667,-35.8666666667
19090,1,0,1,0,0,0,0,0,0,0,0,0,0,60.85,74.3166666667,21.3166666667,13.4666666667,-39.5333333333
14534,1,0,0,0,1,0,0,0,0,0,0,0,0,287.4333333333,298.5666666667,285.9666666667,11.1333333333,-1.4666666667
07203,2,0,0,0,0,0,0,1,1,0,0,0,0,43.7166666667,7.85,90.1833333333,-35.8666666667,46.4666666667
08880,3,0,2,0,0,1,0,0,0,0,0,0,0,21.7166666667,28.6833333333,76.2166666667,6.9666666667,54.5
08690,2,0,2,0,0,0,0,0,0,0,0,0,0,50.5,50.7166666667,52.95,0.2166666667,2.45
07307,1,0,0,0,0,0,0,1,0,0,0,0,0,49.8166666667,23.5833333333,101.9666666667,-26.2333333333,52.15
18088,1,0,1,0,0,0,0,0,0,0,0,0,0,65.6,90.4833333333,59.4166666667,24.8833333333,-6.1833333333
98052,1,0,0,0,0,0,1,0,0,0,0,0,0,2453.4,2464.55,2436.7666666667,11.15,-16.6333333333
18092,1,0,0,1,0,0,0,0,0,0,0,0,0,59.9166666667,84.8,37.55,24.8833333333,-22.3666666667
07843,1,0,1,0,0,0,0,0,0,0,0,0,0,49.8666666667,45.9833333333,107.4833333333,-3.8833333333,57.6166666667
08518,1,0,1,0,0,0,0,0,0,0,0,0,0,62.7,59.65,43.1,-3.05,-19.6
08904,2,0,0,0,0,1,0,1,0,0,0,0,0,33.4666666667,25.9333333333,77.75,-7.5333333333,44.2833333333
07079,4,0,0,0,2,0,2,0,0,0,0,0,0,39.4166666667,18.55,97.4333333333,-20.8666666667,58.0166666667
14608,1,0,0,0,0,0,1,0,0,0,0,0,0,291.15,302.2833333333,289.6833333333,11.1333333333,-1.4666666667
08010,1,0,0,0,0,1,0,0,0,0,0,0,0,66.0333333333,67.25,49.3333333333,1.2166666667,-16.7
07607,1,0,0,0,0,1,0,0,0,0,0,0,0,56.8333333333,30.5333333333,111.1,-26.3,54.2666666667
07031,1,0,0,0,0,1,0,0,0,0,0,0,0,54.0833333333,25.9,104.0166666667,-28.1833333333,49.9333333333
94005,1,0,0,0,1,0,0,0,0,0,0,0,0,2472.4,2483.55,2455.7666666667,11.15,-16.6333333333
07961,1,0,0,1,0,0,0,0,0,0,0,0,0,29.4166666667,23.4333333333,87.0166666667,-5.9833333333,57.6
10014,1,0,0,0,0,1,0,0,0,0,0,0,0,56.5,30.2666666667,108.05,-26.2333333333,51.55
02459,1,0,0,0,0,0,0,0,0,0,0,1,0,255.8166666667,231.0166666667,307.2166666667,-24.8,51.4
29926,1,0,0,0,0,0,1,0,0,0,0,0,0,709.3166666667,707.6,661.0333333333,-1.7166666667,-48.2833333333
07627,1,0,0,0,1,0,0,0,0,0,0,0,0,71.2,45.1833333333,121.3833333333,-26.0166666667,50.1833333333
19064,2,0,1,0,0,0,1,0,0,0,0,0,0,88.5833333333,99.2,36.5,10.6166666667,-52.0833333333
07801,1,0,0,0,0,1,0,0,0,0,0,0,0,50.1166666667,41.7333333333,107.7333333333,-8.3833333333,57.6166666667
20148,1,0,0,0,1,0,0,0,0,0,0,0,0,235.05,233.3333333333,186.7666666667,-1.7166666667,-48.2833333333
15090,1,0,0,0,1,0,0,0,0,0,0,0,0,324.9,349.7833333333,298.6166666667,24.8833333333,-26.2833333333
08048,1,0,0,0,0,0,0,0,1,0,0,0,0,72.35,67.45,57.4166666667,-4.9,-14.9333333333
10010,1,0,0,0,0,1,0,0,0,0,0,0,0,59.3833333333,33.15,110.9333333333,-26.2333333333,51.55
07981,2,0,0,0,1,1,0,0,0,0,0,0,0,33.55,25.05,91.1666666667,-8.5,57.6166666667
30309,1,0,0,0,1,0,0,0,0,0,0,0,0,736.7333333333,761.6166666667,720.0666666667,24.8833333333,-16.6666666667
33327,1,0,0,0,1,0,0,0,0,0,0,0,0,1089.1833333333,1087.4666666667,1040.9,-1.7166666667,-48.2833333333
07440,1,0,0,0,0,1,0,0,0,0,0,0,0,48.0833333333,33,105.7,-15.0833333333,57.6166666667
07102,1,0,1,0,0,0,0,0,0,0,0,0,0,42.7833333333,15.8,95.45,-26.9833333333,52.6666666667
18076,1,0,1,0,0,0,0,0,0,0,0,0,0,70.45,95.3333333333,28.0333333333,24.8833333333,-42.4166666667
07026,1,0,0,0,0,0,1,0,0,0,0,0,0,55.8333333333,27.6333333333,109.7833333333,-28.2,53.95
39503,1,0,0,0,0,0,0,1,0,0,0,0,0,1065.95,1090.8333333333,1048.5,24.8833333333,-17.45
27712,1,0,0,0,0,0,1,0,0,0,0,0,0,445.2833333333,443.5666666667,397,-1.7166666667,-48.2833333333
34105,1,0,0,0,1,0,0,0,0,0,0,0,0,1112.25,1110.5333333333,1063.9666666667,-1.7166666667,-48.2833333333
27021,1,0,0,0,0,0,1,0,0,0,0,0,0,482.9166666667,507.8,465.4666666667,24.8833333333,-17.45
24477,1,0,0,0,0,0,1,0,0,0,0,0,0,309.9666666667,334.85,292.5166666667,24.8833333333,-17.45
07650,1,0,1,0,0,0,0,0,0,0,0,0,0,55.3333333333,29.3166666667,105.5,-26.0166666667,50.1666666667
21050,1,0,1,0,0,0,0,0,0,0,0,0,0,157.15,155.4333333333,109.0666666667,-1.7166666667,-48.0833333333
19046,1,0,0,0,1,0,0,0,0,0,0,0,0,68.1,81.9666666667,27.5,13.8666666667,-40.6
18353,1,0,0,0,0,1,0,0,0,0,0,0,0,60.6666666667,85.55,72.8333333333,24.8833333333,12.1666666667
08318,1,0,0,0,1,0,0,0,0,0,0,0,0,104.7666666667,102.1833333333,73.6,-2.5833333333,-31.1666666667
07008,2,0,0,0,1,1,0,0,0,0,0,0,0,44.1833333333,24.75,86.7333333333,-19.4333333333,42.55
07112,1,0,0,0,0,0,0,1,0,0,0,0,0,38.4,11.4166666667,95,-26.9833333333,56.6
10913,1,0,0,0,0,1,0,0,0,0,0,0,0,73.5833333333,49.1,128.3166666667,-24.4833333333,54.7333333333
12508,1,0,0,0,1,0,0,0,0,0,0,0,0,96.6,84.1333333333,154.2166666667,-12.4666666667,57.6166666667
07011,1,0,0,0,0,1,0,0,0,0,0,0,0,51.3166666667,23.1166666667,107.8666666667,-28.2,56.55
10314,2,0,1,0,0,0,1,0,0,0,0,0,0,45.65,23.8,91.0333333333,-21.85,45.3833333333
98072,1,0,0,0,0,0,1,0,0,0,0,0,0,2458.4333333333,2469.5833333333,2441.8,11.15,-16.6333333333
41042,1,0,0,0,0,0,1,0,0,0,0,0,0,561.75,586.6333333333,535.4833333333,24.8833333333,-26.2666666667
07423,1,0,0,0,0,0,0,0,1,0,0,0,0,62.0166666667,33.8166666667,118.7,-28.2,56.6833333333
11354,1,0,0,0,0,1,0,0,0,0,0,0,0,76.6833333333,50.6666666667,126.8666666667,-26.0166666667,50.1833333333
07032,1,0,1,0,0,0,0,0,0,0,0,0,0,43.95,17.9333333333,93.5,-26.0166666667,49.55
18080,1,0,0,0,0,1,0,0,0,0,0,0,0,69.5,94.3833333333,52.1833333333,24.8833333333,-17.3166666667
18466,1,0,0,1,0,0,0,0,0,0,0,0,0,79.8833333333,91.0166666667,91.6833333333,11.1333333333,11.8
07310,1,0,0,0,0,1,0,0,0,0,0,0,0,50.1,23.8666666667,101.65,-26.2333333333,51.55
18954,1,0,0,0,0,0,1,0,0,0,0,0,0,48.9,73.0833333333,37.1333333333,24.1833333333,-11.7666666667
14701,1,0,0,0,1,0,0,0,0,0,0,0,0,344.0833333333,355.2333333333,327.4666666667,11.15,-16.6166666667
07933,1,0,1,0,0,0,0,0,0,0,0,0,0,30.8,25.6666666667,88.8166666667,-5.1333333333,58.0166666667
08094,1,0,0,0,0,0,1,0,0,0,0,0,0,97.6,93.5166666667,67.85,-4.0833333333,-29.75
19525,1,0,0,0,1,0,0,0,0,0,0,0,0,78.0666666667,102.95,32.0333333333,24.8833333333,-46.0333333333
21801,1,0,1,0,0,0,0,0,0,0,0,0,0,212.1333333333,210.4166666667,163.85,-1.7166666667,-48.2833333333
07603,1,0,0,0,1,0,0,0,0,0,0,0,0,56.7666666667,30.75,106.95,-26.0166666667,50.1833333333
08514,1,0,1,0,0,0,0,0,0,0,0,0,0,68.3,56.9166666667,63.0666666667,-11.3833333333,-5.2333333333
19437,1,0,0,0,1,0,0,0,0,0,0,0,0,62.35,86.2,8.8166666667,23.85,-53.5333333333
07852,1,0,1,0,0,0,0,0,0,0,0,0,0,43.95,41.05,100.1,-2.9,56.15
28590,1,0,0,0,0,0,0,1,0,0,0,0,0,461.1666666667,459.45,412.8833333333,-1.7166666667,-48.2833333333
19127,1,0,0,0,0,0,1,0,0,0,0,0,0,81.6166666667,92.2333333333,29.5333333333,10.6166666667,-52.0833333333
17025,1,0,0,0,0,0,0,0,1,0,0,0,0,124.9333333333,149.8166666667,107.4833333333,24.8833333333,-17.45
07041,1,1,0,0,0,0,0,0,0,0,0,0,0,35.1833333333,14.3166666667,93.2,-20.8666666667,58.0166666667
76504,1,0,0,0,1,0,0,0,0,0,0,0,0,1417.4833333333,1442.3666666667,1400.0333333333,24.8833333333,-17.45
18923,1,0,0,1,0,0,0,0,0,0,0,0,0,50.5,82.5333333333,27.9166666667,32.0333333333,-22.5833333333
19512,1,0,1,0,0,0,0,0,0,0,0,0,0,82,106.8833333333,43.8666666667,24.8833333333,-38.1333333333
07757,1,0,1,0,0,0,0,0,0,0,0,0,0,61.7,43.3666666667,93.8166666667,-18.3333333333,32.1166666667
11215,1,0,0,1,0,0,0,0,0,0,0,0,0,65.6,39.3666666667,111.7666666667,-26.2333333333,46.1666666667
28269,1,0,1,0,0,0,0,0,0,0,0,0,0,526.7666666667,551.65,507.4666666667,24.8833333333,-19.3
30004,1,0,0,0,1,0,0,0,0,0,0,0,0,746.2,771.0833333333,729.5333333333,24.8833333333,-16.6666666667
