Zip Code,Number of Employees,Number in Org A,Number in Org B,Number in Org C,Number in Org D,Number in Org E,Number in Org F,Number in Org G,Number in Org H,Number in Org I,Number in Org J,Number in Org K,Number in Org L,"Driving Minutes to White House Station, NJ"
'08822,0,0,0,0,0,0,0,0,0,0,0,0,0
'19095,0,0,0,0,0,0,0,0,0,0,0,0,0
'08889,0,0,0,0,0,0,0,0,0,0,0,0,0
'18947,0,0,0,0,0,0,0,0,0,0,0,0,0
'08825,0,0,0,0,0,0,0,0,0,0,0,0,0
'07936,0,0,0,0,0,0,0,0,0,0,0,0,0
'08886,0,0,0,0,0,0,0,0,0,0,0,0,0
'07901,0,0,0,0,0,0,0,0,0,0,0,0,0
'07073,0,0,0,0,0,0,0,0,0,0,0,0,0
'08046,0,0,0,0,0,0,0,0,0,0,0,0,0
'08865,0,0,0,0,0,0,0,0,0,0,0,0,0
'07712,0,0,0,0,0,0,0,0,0,0,0,0,0
'08820,0,0,0,0,0,0,0,0,0,0,0,0,0
'08876,0,0,0,0,0,0,0,0,0,0,0,0,0
'08807,0,0,0,0,0,0,0,0,0,0,0,0,0
'08902,0,0,0,0,0,0,0,0,0,0,0,0,0
'18976,0,0,0,0,0,0,0,0,0,0,0,0,0
'07030,0,0,0,0,0,0,0,0,0,0,0,0,0
'07652,0,0,0,0,0,0,0,0,0,0,0,0,0
'18015,0,0,0,0,0,0,0,0,0,0,0,0,0
'08833,0,0,0,0,0,0,0,0,0,0,0,0,0
'24401,0,0,0,0,0,0,0,0,0,0,0,0,0
'07066,0,0,0,0,0,0,0,0,0,0,0,0,0
'19446,0,0,0,0,0,0,0,0,0,0,0,0,0
'08853,0,0,0,0,0,0,0,0,0,0,0,0,0
'08853,0,0,0,0,0,0,0,0,0,0,0,0,0
'08873,0,0,0,0,0,0,0,0,0,0,0,0,0
'18951,0,0,0,0,0,0,0,0,0,0,0,0,0
'18944,0,0,0,0,0,0,0,0,0,0,0,0,0
'08822,0,0,0,0,0,0,0,0,0,0,0,0,0
'08502,0,0,0,0,0,0,0,0,0,0,0,0,0
'08831,0,0,0,0,0,0,0,0,0,0,0,0,0
'10306,0,0,0,0,0,0,0,0,0,0,0,0,0
'18013,0,0,0,0,0,0,0,0,0,0,0,0,0
'18902,0,0,0,0,0,0,0,0,0,0,0,0,0
'07090,0,0,0,0,0,0,0,0,0,0,0,0,0
'08551,0,0,0,0,0,0,0,0,0,0,0,0,0
'07014,0,0,0,0,0,0,0,0,0,0,0,0,0
'08844,0,0,0,0,0,0,0,0,0,0,0,0,0
'07065,0,0,0,0,0,0,0,0,0,0,0,0,0
'07830,0,0,0,0,0,0,0,0,0,0,0,0,0
'08889,0,0,0,0,0,0,0,0,0,0,0,0,0
'08827,0,0,0,0,0,0,0,0,0,0,0,0,0
'07920,0,0,0,0,0,0,0,0,0,0,0,0,0
'02760,0,0,0,0,0,0,0,0,0,0,0,0,0
'07730,0,0,0,0,0,0,0,0,0,0,0,0,0
'07746,0,0,0,0,0,0,0,0,0,0,0,0,0
'07920,0,0,0,0,0,0,0,0,0,0,0,0,0
'08840,0,0,0,0,0,0,0,0,0,0,0,0,0
'08889,0,0,0,0,0,0,0,0,0,0,0,0,0
'19438,0,0,0,0,0,0,0,0,0,0,0,0,0
'07022,0,0,0,0,0,0,0,0,0,0,0,0,0
'07080,0,0,0,0,0,0,0,0,0,0,0,0,0
'07092,0,0,0,0,0,0,0,0,0,0,0,0,0
'08807,0,0,0,0,0,0,0,0,0,0,0,0,0
'07005,0,0,0,0,0,0,0,0,0,0,0,0,0
'08502,0,0,0,0,0,0,0,0,0,0,0,0,0
'08902,0,0,0,0,0,0,0,0,0,0,0,0,0
'08807,0,0,0,0,0,0,0,0,0,0,0,0,0
'07662,0,0,0,0,0,0,0,0,0,0,0,0,0
'18902,0,0,0,0,0,0,0,0,0,0,0,0,0
'08812,0,0,0,0,0,0,0,0,0,0,0,0,0
'07920,0,0,0,0,0,0,0,0,0,0,0,0,0
'07747,0,0,0,0,0,0,0,0,0,0,0,0,0
'08876,0,0,0,0,0,0,0,0,0,0,0,0,0
'18045,0,0,0,0,0,0,0,0,0,0,0,0,0
'07853,0,0,0,0,0,0,0,0,0,0,0,0,0
'08801,0,0,0,0,0,0,0,0,0,0,0,0,0
'07066,0,0,0,0,0,0,0,0,0,0,0,0,0
'08876,0,0,0,0,0,0,0,0,0,0,0,0,0
'07832,0,0,0,0,0,0,0,0,0,0,0,0,0
'18210,0,0,0,0,0,0,0,0,0,0,0,0,0
'07023,0,0,0,0,0,0,0,0,0,0,0,0,0
'07677,0,0,0,0,0,0,0,0,0,0,0,0,0
'08844,0,0,0,0,0,0,0,0,0,0,0,0,0
'07090,0,0,0,0,0,0,0,0,0,0,0,0,0
'07920,0,0,0,0,0,0,0,0,0,0,0,0,0
'07080,0,0,0,0,0,0,0,0,0,0,0,0,0
'48108,0,0,0,0,0,0,0,0,0,0,0,0,0
'07016,0,0,0,0,0,0,0,0,0,0,0,0,0
'07825,0,0,0,0,0,0,0,0,0,0,0,0,0
'08837,0,0,0,0,0,0,0,0,0,0,0,0,0
'18976,0,0,0,0,0,0,0,0,0,0,0,0,0
'08837,0,0,0,0,0,0,0,0,0,0,0,0,0
'08060,0,0,0,0,0,0,0,0,0,0,0,0,0
'18040,0,0,0,0,0,0,0,0,0,0,0,0,0
'07928,0,0,0,0,0,0,0,0,0,0,0,0,0
'08831,0,0,0,0,0,0,0,0,0,0,0,0,0
'08820,0,0,0,0,0,0,0,0,0,0,0,0,0
'08840,0,0,0,0,0,0,0,0,0,0,0,0,0
'19382,0,0,0,0,0,0,0,0,0,0,0,0,0
'07083,0,0,0,0,0,0,0,0,0,0,0,0,0
'08724,0,0,0,0,0,0,0,0,0,0,0,0,0
'07010,0,0,0,0,0,0,0,0,0,0,0,0,0
'07920,0,0,0,0,0,0,0,0,0,0,0,0,0
'08889,0,0,0,0,0,0,0,0,0,0,0,0,0
'07090,0,0,0,0,0,0,0,0,0,0,0,0,0
'08854,0,0,0,0,0,0,0,0,0,0,0,0,0
'19020,0,0,0,0,0,0,0,0,0,0,0,0,0
'07054,0,0,0,0,0,0,0,0,0,0,0,0,0
'07930,0,0,0,0,0,0,0,0,0,0,0,0,0
'07016,0,0,0,0,0,0,0,0,0,0,0,0,0
'07090,0,0,0,0,0,0,0,0,0,0,0,0,0
'07065,0,0,0,0,0,0,0,0,0,0,0,0,0
'07920,0,0,0,0,0,0,0,0,0,0,0,0,0
'08540,0,0,0,0,0,0,0,0,0,0,0,0,0
'08889,0,0,0,0,0,0,0,0,0,0,0,0,0
'18036,0,0,0,0,0,0,0,0,0,0,0,0,0
'07202,0,0,0,0,0,0,0,0,0,0,0,0,0
'07059,0,0,0,0,0,0,0,0,0,0,0,0,0
'07974,0,0,0,0,0,0,0,0,0,0,0,0,0
'08873,0,0,0,0,0,0,0,0,0,0,0,0,0
'18034,0,0,0,0,0,0,0,0,0,0,0,0,0
'07027,0,0,0,0,0,0,0,0,0,0,0,0,0
'08826,0,0,0,0,0,0,0,0,0,0,0,0,0
'07821,0,0,0,0,0,0,0,0,0,0,0,0,0
'07090,0,0,0,0,0,0,0,0,0,0,0,0,0
'07042,0,0,0,0,0,0,0,0,0,0,0,0,0
'07823,0,0,0,0,0,0,0,0,0,0,0,0,0
'07059,0,0,0,0,0,0,0,0,0,0,0,0,0
'07974,0,0,0,0,0,0,0,0,0,0,0,0,0
'08865,0,0,0,0,0,0,0,0,0,0,0,0,0
'07830,0,0,0,0,0,0,0,0,0,0,0,0,0
'10977,0,0,0,0,0,0,0,0,0,0,0,0,0
'19422,0,0,0,0,0,0,0,0,0,0,0,0,0
'07960,0,0,0,0,0,0,0,0,0,0,0,0,0
'07860,0,0,0,0,0,0,0,0,0,0,0,0,0
'07036,0,0,0,0,0,0,0,0,0,0,0,0,0
'08873,0,0,0,0,0,0,0,0,0,0,0,0,0
'08802,0,0,0,0,0,0,0,0,0,0,0,0,0
'19075,0,0,0,0,0,0,0,0,0,0,0,0,0
'18020,0,0,0,0,0,0,0,0,0,0,0,0,0
'07306,0,0,0,0,0,0,0,0,0,0,0,0,0
'19355,0,0,0,0,0,0,0,0,0,0,0,0,0
'08822,0,0,0,0,0,0,0,0,0,0,0,0,0
'08886,0,0,0,0,0,0,0,0,0,0,0,0,0
'07826,0,0,0,0,0,0,0,0,0,0,0,0,0
'11374,0,0,0,0,0,0,0,0,0,0,0,0,0
'18045,0,0,0,0,0,0,0,0,0,0,0,0,0
'07928,0,0,0,0,0,0,0,0,0,0,0,0,0
'07885,0,0,0,0,0,0,0,0,0,0,0,0,0
'08807,0,0,0,0,0,0,0,0,0,0,0,0,0
'08844,0,0,0,0,0,0,0,0,0,0,0,0,0
'19426,0,0,0,0,0,0,0,0,0,0,0,0,0
'08882,0,0,0,0,0,0,0,0,0,0,0,0,0
'08822,0,0,0,0,0,0,0,0,0,0,0,0,0
'10310,0,0,0,0,0,0,0,0,0,0,0,0,0
'19462,0,0,0,0,0,0,0,0,0,0,0,0,0
'08876,0,0,0,0,0,0,0,0,0,0,0,0,0
'07670,0,0,0,0,0,0,0,0,0,0,0,0,0
'07853,0,0,0,0,0,0,0,0,0,0,0,0,0
'07974,0,0,0,0,0,0,0,0,0,0,0,0,0
'07931,0,0,0,0,0,0,0,0,0,0,0,0,0
'07059,0,0,0,0,0,0,0,0,0,0,0,0,0
'07882,0,0,0,0,0,0,0,0,0,0,0,0,0
'08801,0,0,0,0,0,0,0,0,0,0,0,0,0
'07945,0,0,0,0,0,0,0,0,0,0,0,0,0
'07076,0,0,0,0,0,0,0,0,0,0,0,0,0
'98346,0,0,0,0,0,0,0,0,0,0,0,0,0
'08512,0,0,0,0,0,0,0,0,0,0,0,0,0
'07030,0,0,0,0,0,0,0,0,0,0,0,0,0
'07928,0,0,0,0,0,0,0,0,0,0,0,0,0
'18040,0,0,0,0,0,0,0,0,0,0,0,0,0
'08854,0,0,0,0,0,0,0,0,0,0,0,0,0
'07701,0,0,0,0,0,0,0,0,0,0,0,0,0
'08854,0,0,0,0,0,0,0,0,0,0,0,0,0
'07676,0,0,0,0,0,0,0,0,0,0,0,0,0
'08850,0,0,0,0,0,0,0,0,0,0,0,0,0
'07067,0,0,0,0,0,0,0,0,0,0,0,0,0
'07920,0,0,0,0,0,0,0,0,0,0,0,0,0
'19438,0,0,0,0,0,0,0,0,0,0,0,0,0
'07922,0,0,0,0,0,0,0,0,0,0,0,0,0
'07830,0,0,0,0,0,0,0,0,0,0,0,0,0
'19446,0,0,0,0,0,0,0,0,0,0,0,0,0
'08825,0,0,0,0,0,0,0,0,0,0,0,0,0
'07940,0,0,0,0,0,0,0,0,0,0,0,0,0
'07920,0,0,0,0,0,0,0,0,0,0,0,0,0
'07920,0,0,0,0,0,0,0,0,0,0,0,0,0
'08846,0,0,0,0,0,0,0,0,0,0,0,0,0
'18042,0,0,0,0,0,0,0,0,0,0,0,0,0
'08844,0,0,0,0,0,0,0,0,0,0,0,0,0
'18925,0,0,0,0,0,0,0,0,0,0,0,0,0
'07016,0,0,0,0,0,0,0,0,0,0,0,0,0
'08826,0,0,0,0,0,0,0,0,0,0,0,0,0
'08807,0,0,0,0,0,0,0,0,0,0,0,0,0
'18045,0,0,0,0,0,0,0,0,0,0,0,0,0
'08844,0,0,0,0,0,0,0,0,0,0,0,0,0
'08559,0,0,0,0,0,0,0,0,0,0,0,0,0
'08807,0,0,0,0,0,0,0,0,0,0,0,0,0
'08889,0,0,0,0,0,0,0,0,0,0,0,0,0
'07090,0,0,0,0,0,0,0,0,0,0,0,0,0
'18902,0,0,0,0,0,0,0,0,0,0,0,0,0
'08822,0,0,0,0,0,0,0,0,0,0,0,0,0
'08833,0,0,0,0,0,0,0,0,0,0,0,0,0
'07960,0,0,0,0,0,0,0,0,0,0,0,0,0
'07054,0,0,0,0,0,0,0,0,0,0,0,0,0
'08876,0,0,0,0,0,0,0,0,0,0,0,0,0
'18960,0,0,0,0,0,0,0,0,0,0,0,0,0
'18901,0,0,0,0,0,0,0,0,0,0,0,0,0
'07960,0,0,0,0,0,0,0,0,0,0,0,0,0
'19446,0,0,0,0,0,0,0,0,0,0,0,0,0
'08833,0,0,0,0,0,0,0,0,0,0,0,0,0
'18052,0,0,0,0,0,0,0,0,0,0,0,0,0
'18920,0,0,0,0,0,0,0,0,0,0,0,0,0
'08867,0,0,0,0,0,0,0,0,0,0,0,0,0
'07078,0,0,0,0,0,0,0,0,0,0,0,0,0
'07803,0,0,0,0,0,0,0,0,0,0,0,0,0
'18052,0,0,0,0,0,0,0,0,0,0,0,0,0
'08755,0,0,0,0,0,0,0,0,0,0,0,0,0
'08876,0,0,0,0,0,0,0,0,0,0,0,0,0
'07076,0,0,0,0,0,0,0,0,0,0,0,0,0
'07016,0,0,0,0,0,0,0,0,0,0,0,0,0
'07920,0,0,0,0,0,0,0,0,0,0,0,0,0
'08833,0,0,0,0,0,0,0,0,0,0,0,0,0
'07002,0,0,0,0,0,0,0,0,0,0,0,0,0
'08833,0,0,0,0,0,0,0,0,0,0,0,0,0
'08876,0,0,0,0,0,0,0,0,0,0,0,0,0
'18929,0,0,0,0,0,0,0,0,0,0,0,0,0
'10022,0,0,0,0,0,0,0,0,0,0,0,0,0
'08889,0,0,0,0,0,0,0,0,0,0,0,0,0
'18944,0,0,0,0,0,0,0,0,0,0,0,0,0
'17111,0,0,0,0,0,0,0,0,0,0,0,0,0
'08857,0,0,0,0,0,0,0,0,0,0,0,0,0
'07456,0,0,0,0,0,0,0,0,0,0,0,0,0
'08807,0,0,0,0,0,0,0,0,0,0,0,0,0
'08822,0,0,0,0,0,0,0,0,0,0,0,0,0
'38117,0,0,0,0,0,0,0,0,0,0,0,0,0
'19403,0,0,0,0,0,0,0,0,0,0,0,0,0
'18045,0,0,0,0,0,0,0,0,0,0,0,0,0
'10001,0,0,0,0,0,0,0,0,0,0,0,0,0
'18944,0,0,0,0,0,0,0,0,0,0,0,0,0
'07840,0,0,0,0,0,0,0,0,0,0,0,0,0
'08809,0,0,0,0,0,0,0,0,0,0,0,0,0
'07063,0,0,0,0,0,0,0,0,0,0,0,0,0
'07922,0,0,0,0,0,0,0,0,0,0,0,0,0
'07059,0,0,0,0,0,0,0,0,0,0,0,0,0
'18343,0,0,0,0,0,0,0,0,0,0,0,0,0
'08876,0,0,0,0,0,0,0,0,0,0,0,0,0
'08889,0,0,0,0,0,0,0,0,0,0,0,0,0
'18045,0,0,0,0,0,0,0,0,0,0,0,0,0
'07753,0,0,0,0,0,0,0,0,0,0,0,0,0
'07924,0,0,0,0,0,0,0,0,0,0,0,0,0
'08876,0,0,0,0,0,0,0,0,0,0,0,0,0
'08827,0,0,0,0,0,0,0,0,0,0,0,0,0
'18901,0,0,0,0,0,0,0,0,0,0,0,0,0
'07463,0,0,0,0,0,0,0,0,0,0,0,0,0
'10993,0,0,0,0,0,0,0,0,0,0,0,0,0
'19438,0,0,0,0,0,0,0,0,0,0,0,0,0
'19446,0,0,0,0,0,0,0,0,0,0,0,0,0
'18040,0,0,0,0,0,0,0,0,0,0,0,0,0
'07882,0,0,0,0,0,0,0,0,0,0,0,0,0
'07456,0,0,0,0,0,0,0,0,0,0,0,0,0
'07016,0,0,0,0,0,0,0,0,0,0,0,0,0
'18103,0,0,0,0,0,0,0,0,0,0,0,0,0
'12060,0,0,0,0,0,0,0,0,0,0,0,0,0
'07960,0,0,0,0,0,0,0,0,0,0,0,0,0
'07920,0,0,0,0,0,0,0,0,0,0,0,0,0
'08886,0,0,0,0,0,0,0,0,0,0,0,0,0
'02043,0,0,0,0,0,0,0,0,0,0,0,0,0
'07438,0,0,0,0,0,0,0,0,0,0,0,0,0
'08844,0,0,0,0,0,0,0,0,0,0,0,0,0
'08822,0,0,0,0,0,0,0,0,0,0,0,0,0
'19116,0,0,0,0,0,0,0,0,0,0,0,0,0
'08873,0,0,0,0,0,0,0,0,0,0,0,0,0
'19002,0,0,0,0,0,0,0,0,0,0,0,0,0
'18103,0,0,0,0,0,0,0,0,0,0,0,0,0
'08833,0,0,0,0,0,0,0,0,0,0,0,0,0
'18902,0,0,0,0,0,0,0,0,0,0,0,0,0
'08822,0,0,0,0,0,0,0,0,0,0,0,0,0
'08807,0,0,0,0,0,0,0,0,0,0,0,0,0
'19403,0,0,0,0,0,0,0,0,0,0,0,0,0
'08501,0,0,0,0,0,0,0,0,0,0,0,0,0
'08844,0,0,0,0,0,0,0,0,0,0,0,0,0
'07746,0,0,0,0,0,0,0,0,0,0,0,0,0
'08822,0,0,0,0,0,0,0,0,0,0,0,0,0
'18054,0,0,0,0,0,0,0,0,0,0,0,0,0
'07436,0,0,0,0,0,0,0,0,0,0,0,0,0
'18938,0,0,0,0,0,0,0,0,0,0,0,0,0
'08822,0,0,0,0,0,0,0,0,0,0,0,0,0
'07960,0,0,0,0,0,0,0,0,0,0,0,0,0
'08889,0,0,0,0,0,0,0,0,0,0,0,0,0
'08807,0,0,0,0,0,0,0,0,0,0,0,0,0
'08050,0,0,0,0,0,0,0,0,0,0,0,0,0
'08801,0,0,0,0,0,0,0,0,0,0,0,0,0
'07662,0,0,0,0,0,0,0,0,0,0,0,0,0
'08822,0,0,0,0,0,0,0,0,0,0,0,0,0
'08801,0,0,0,0,0,0,0,0,0,0,0,0,0
'07928,0,0,0,0,0,0,0,0,0,0,0,0,0
'08848,0,0,0,0,0,0,0,0,0,0,0,0,0
'18902,0,0,0,0,0,0,0,0,0,0,0,0,0
'08822,0,0,0,0,0,0,0,0,0,0,0,0,0
'07960,0,0,0,0,0,0,0,0,0,0,0,0,0
'07092,0,0,0,0,0,0,0,0,0,0,0,0,0
'07940,0,0,0,0,0,0,0,0,0,0,0,0,0
'08540,0,0,0,0,0,0,0,0,0,0,0,0,0
'07066,0,0,0,0,0,0,0,0,0,0,0,0,0
'18914,0,0,0,0,0,0,0,0,0,0,0,0,0
'07401,0,0,0,0,0,0,0,0,0,0,0,0,0
'07002,0,0,0,0,0,0,0,0,0,0,0,0,0
'08889,0,0,0,0,0,0,0,0,0,0,0,0,0
'07901,0,0,0,0,0,0,0,0,0,0,0,0,0
'08822,0,0,0,0,0,0,0,0,0,0,0,0,0
'07840,0,0,0,0,0,0,0,0,0,0,0,0,0
'07033,0,0,0,0,0,0,0,0,0,0,0,0,0
'19002,0,0,0,0,0,0,0,0,0,0,0,0,0
'08889,0,0,0,0,0,0,0,0,0,0,0,0,0
'08873,0,0,0,0,0,0,0,0,0,0,0,0,0
'07067,0,0,0,0,0,0,0,0,0,0,0,0,0
'07059,0,0,0,0,0,0,0,0,0,0,0,0,0
'07882,0,0,0,0,0,0,0,0,0,0,0,0,0
'18040,0,0,0,0,0,0,0,0,0,0,0,0,0
'08540,0,0,0,0,0,0,0,0,0,0,0,0,0
'19403,0,0,0,0,0,0,0,0,0,0,0,0,0
'07920,0,0,0,0,0,0,0,0,0,0,0,0,0
'07940,0,0,0,0,0,0,0,0,0,0,0,0,0
'08807,0,0,0,0,0,0,0,0,0,0,0,0,0
'19130,0,0,0,0,0,0,0,0,0,0,0,0,0
'07747,0,0,0,0,0,0,0,0,0,0,0,0,0
'18042,0,0,0,0,0,0,0,0,0,0,0,0,0
'33067,0,0,0,0,0,0,0,0,0,0,0,0,0
'08804,0,0,0,0,0,0,0,0,0,0,0,0,0
'08867,0,0,0,0,0,0,0,0,0,0,0,0,0
'07950,0,0,0,0,0,0,0,0,0,0,0,0,0
'08887,0,0,0,0,0,0,0,0,0,0,0,0,0
'07760,0,0,0,0,0,0,0,0,0,0,0,0,0
'07045,0,0,0,0,0,0,0,0,0,0,0,0,0
'08809,0,0,0,0,0,0,0,0,0,0,0,0,0
'08510,0,0,0,0,0,0,0,0,0,0,0,0,0
'08805,0,0,0,0,0,0,0,0,0,0,0,0,0
'08801,0,0,0,0,0,0,0,0,0,0,0,0,0
'07006,0,0,0,0,0,0,0,0,0,0,0,0,0
'07081,0,0,0,0,0,0,0,0,0,0,0,0,0
'18040,0,0,0,0,0,0,0,0,0,0,0,0,0
'18017,0,0,0,0,0,0,0,0,0,0,0,0,0
'07090,0,0,0,0,0,0,0,0,0,0,0,0,0
'07095,0,0,0,0,0,0,0,0,0,0,0,0,0
'07110,0,0,0,0,0,0,0,0,0,0,0,0,0
'08801,0,0,0,0,0,0,0,0,0,0,0,0,0
'07901,0,0,0,0,0,0,0,0,0,0,0,0,0
'07930,0,0,0,0,0,0,0,0,0,0,0,0,0
'08559,0,0,0,0,0,0,0,0,0,0,0,0,0
'07920,0,0,0,0,0,0,0,0,0,0,0,0,0
'08550,0,0,0,0,0,0,0,0,0,0,0,0,0
'08854,0,0,0,0,0,0,0,0,0,0,0,0,0
'19468,0,0,0,0,0,0,0,0,0,0,0,0,0
'08721,0,0,0,0,0,0,0,0,0,0,0,0,0
'07720,0,0,0,0,0,0,0,0,0,0,0,0,0
'07302,0,0,0,0,0,0,0,0,0,0,0,0,0
'07675,0,0,0,0,0,0,0,0,0,0,0,0,0
'18960,0,0,0,0,0,0,0,0,0,0,0,0,0
'08833,0,0,0,0,0,0,0,0,0,0,0,0,0
'07728,0,0,0,0,0,0,0,0,0,0,0,0,0
'08807,0,0,0,0,0,0,0,0,0,0,0,0,0
'08807,0,0,0,0,0,0,0,0,0,0,0,0,0
'07920,0,0,0,0,0,0,0,0,0,0,0,0,0
'18901,0,0,0,0,0,0,0,0,0,0,0,0,0
'07090,0,0,0,0,0,0,0,0,0,0,0,0,0
'07059,0,0,0,0,0,0,0,0,0,0,0,0,0
'07082,0,0,0,0,0,0,0,0,0,0,0,0,0
'08809,0,0,0,0,0,0,0,0,0,0,0,0,0
'18976,0,0,0,0,0,0,0,0,0,0,0,0,0
'08854,0,0,0,0,0,0,0,0,0,0,0,0,0
'08536,0,0,0,0,0,0,0,0,0,0,0,0,0
'11374,0,0,0,0,0,0,0,0,0,0,0,0,0
'18074,0,0,0,0,0,0,0,0,0,0,0,0,0
'18938,0,0,0,0,0,0,0,0,0,0,0,0,0
'08844,0,0,0,0,0,0,0,0,0,0,0,0,0
'07033,0,0,0,0,0,0,0,0,0,0,0,0,0
'08848,0,0,0,0,0,0,0,0,0,0,0,0,0
'08825,0,0,0,0,0,0,0,0,0,0,0,0,0
'07901,0,0,0,0,0,0,0,0,0,0,0,0,0
'07922,0,0,0,0,0,0,0,0,0,0,0,0,0
'07940,0,0,0,0,0,0,0,0,0,0,0,0,0
'18106,0,0,0,0,0,0,0,0,0,0,0,0,0
'08812,0,0,0,0,0,0,0,0,0,0,0,0,0
'08085,0,0,0,0,0,0,0,0,0,0,0,0,0
'07065,0,0,0,0,0,0,0,0,0,0,0,0,0
'19446,0,0,0,0,0,0,0,0,0,0,0,0,0
'08873,0,0,0,0,0,0,0,0,0,0,0,0,0
'07302,0,0,0,0,0,0,0,0,0,0,0,0,0
'08865,0,0,0,0,0,0,0,0,0,0,0,0,0
'07730,0,0,0,0,0,0,0,0,0,0,0,0,0
'07863,0,0,0,0,0,0,0,0,0,0,0,0,0
'07823,0,0,0,0,0,0,0,0,0,0,0,0,0
'07728,0,0,0,0,0,0,0,0,0,0,0,0,0
'08848,0,0,0,0,0,0,0,0,0,0,0,0,0
'08889,0,0,0,0,0,0,0,0,0,0,0,0,0
'08822,0,0,0,0,0,0,0,0,0,0,0,0,0
'07006,0,0,0,0,0,0,0,0,0,0,0,0,0
'07076,0,0,0,0,0,0,0,0,0,0,0,0,0
'07746,0,0,0,0,0,0,0,0,0,0,0,0,0
'07030,0,0,0,0,0,0,0,0,0,0,0,0,0
'08836,0,0,0,0,0,0,0,0,0,0,0,0,0
'07901,0,0,0,0,0,0,0,0,0,0,0,0,0
'07901,0,0,0,0,0,0,0,0,0,0,0,0,0
'08886,0,0,0,0,0,0,0,0,0,0,0,0,0
'07432,0,0,0,0,0,0,0,0,0,0,0,0,0
'19446,0,0,0,0,0,0,0,0,0,0,0,0,0
'08873,0,0,0,0,0,0,0,0,0,0,0,0,0
'03825,0,0,0,0,0,0,0,0,0,0,0,0,0
'08108,0,0,0,0,0,0,0,0,0,0,0,0,0
'07920,0,0,0,0,0,0,0,0,0,0,0,0,0
'08848,0,0,0,0,0,0,0,0,0,0,0,0,0
'08857,0,0,0,0,0,0,0,0,0,0,0,0,0
'18039,0,0,0,0,0,0,0,0,0,0,0,0,0
'08822,0,0,0,0,0,0,0,0,0,0,0,0,0
'08827,0,0,0,0,0,0,0,0,0,0,0,0,0
'07840,0,0,0,0,0,0,0,0,0,0,0,0,0
'18040,0,0,0,0,0,0,0,0,0,0,0,0,0
'08822,0,0,0,0,0,0,0,0,0,0,0,0,0
'08822,0,0,0,0,0,0,0,0,0,0,0,0,0
'08853,0,0,0,0,0,0,0,0,0,0,0,0,0
'08833,0,0,0,0,0,0,0,0,0,0,0,0,0
'08884,0,0,0,0,0,0,0,0,0,0,0,0,0
'18925,0,0,0,0,0,0,0,0,0,0,0,0,0
'08807,0,0,0,0,0,0,0,0,0,0,0,0,0
'07068,0,0,0,0,0,0,0,0,0,0,0,0,0
'07882,0,0,0,0,0,0,0,0,0,0,0,0,0
'07945,0,0,0,0,0,0,0,0,0,0,0,0,0
'08902,0,0,0,0,0,0,0,0,0,0,0,0,0
'07030,0,0,0,0,0,0,0,0,0,0,0,0,0
'19454,0,0,0,0,0,0,0,0,0,0,0,0,0
'07834,0,0,0,0,0,0,0,0,0,0,0,0,0
'27809,0,0,0,0,0,0,0,0,0,0,0,0,0
'08886,0,0,0,0,0,0,0,0,0,0,0,0,0
'08823,0,0,0,0,0,0,0,0,0,0,0,0,0
'18040,0,0,0,0,0,0,0,0,0,0,0,0,0
'08807,0,0,0,0,0,0,0,0,0,0,0,0,0
'07920,0,0,0,0,0,0,0,0,0,0,0,0,0
'18064,0,0,0,0,0,0,0,0,0,0,0,0,0
'18928,0,0,0,0,0,0,0,0,0,0,0,0,0
'19067,0,0,0,0,0,0,0,0,0,0,0,0,0
'08502,0,0,0,0,0,0,0,0,0,0,0,0,0
'07921,0,0,0,0,0,0,0,0,0,0,0,0,0
'08827,0,0,0,0,0,0,0,0,0,0,0,0,0
'08873,0,0,0,0,0,0,0,0,0,0,0,0,0
'08844,0,0,0,0,0,0,0,0,0,0,0,0,0
'19128,0,0,0,0,0,0,0,0,0,0,0,0,0
'07726,0,0,0,0,0,0,0,0,0,0,0,0,0
'18020,0,0,0,0,0,0,0,0,0,0,0,0,0
'10011,0,0,0,0,0,0,0,0,0,0,0,0,0
'07728,0,0,0,0,0,0,0,0,0,0,0,0,0
'07067,0,0,0,0,0,0,0,0,0,0,0,0,0
'08807,0,0,0,0,0,0,0,0,0,0,0,0,0
'07960,0,0,0,0,0,0,0,0,0,0,0,0,0
'08807,0,0,0,0,0,0,0,0,0,0,0,0,0
'08560,0,0,0,0,0,0,0,0,0,0,0,0,0
'19438,0,0,0,0,0,0,0,0,0,0,0,0,0
'07065,0,0,0,0,0,0,0,0,0,0,0,0,0
'07090,0,0,0,0,0,0,0,0,0,0,0,0,0
'18901,0,0,0,0,0,0,0,0,0,0,0,0,0
'07853,0,0,0,0,0,0,0,0,0,0,0,0,0
'07208,0,0,0,0,0,0,0,0,0,0,0,0,0
'08807,0,0,0,0,0,0,0,0,0,0,0,0,0
'07882,0,0,0,0,0,0,0,0,0,0,0,0,0
'08889,0,0,0,0,0,0,0,0,0,0,0,0,0
'07882,0,0,0,0,0,0,0,0,0,0,0,0,0
'08865,0,0,0,0,0,0,0,0,0,0,0,0,0
'08837,0,0,0,0,0,0,0,0,0,0,0,0,0
'18103,0,0,0,0,0,0,0,0,0,0,0,0,0
'08889,0,0,0,0,0,0,0,0,0,0,0,0,0
'07023,0,0,0,0,0,0,0,0,0,0,0,0,0
'07960,0,0,0,0,0,0,0,0,0,0,0,0,0
'08886,0,0,0,0,0,0,0,0,0,0,0,0,0
'18042,0,0,0,0,0,0,0,0,0,0,0,0,0
'07928,0,0,0,0,0,0,0,0,0,0,0,0,0
'08502,0,0,0,0,0,0,0,0,0,0,0,0,0
'07470,0,0,0,0,0,0,0,0,0,0,0,0,0
'08822,0,0,0,0,0,0,0,0,0,0,0,0,0
'08535,0,0,0,0,0,0,0,0,0,0,0,0,0
'07059,0,0,0,0,0,0,0,0,0,0,0,0,0
'08823,0,0,0,0,0,0,0,0,0,0,0,0,0
'19473,0,0,0,0,0,0,0,0,0,0,0,0,0
'10011,0,0,0,0,0,0,0,0,0,0,0,0,0
'10954,0,0,0,0,0,0,0,0,0,0,0,0,0
'07401,0,0,0,0,0,0,0,0,0,0,0,0,0
'07876,0,0,0,0,0,0,0,0,0,0,0,0,0
'08075,0,0,0,0,0,0,0,0,0,0,0,0,0
'34232,0,0,0,0,0,0,0,0,0,0,0,0,0
'07928,0,0,0,0,0,0,0,0,0,0,0,0,0
'08835,0,0,0,0,0,0,0,0,0,0,0,0,0
'07016,0,0,0,0,0,0,0,0,0,0,0,0,0
'18017,0,0,0,0,0,0,0,0,0,0,0,0,0
'08829,0,0,0,0,0,0,0,0,0,0,0,0,0
'08829,0,0,0,0,0,0,0,0,0,0,0,0,0
'07081,0,0,0,0,0,0,0,0,0,0,0,0,0
'19426,0,0,0,0,0,0,0,0,0,0,0,0,0
'08822,0,0,0,0,0,0,0,0,0,0,0,0,0
'07030,0,0,0,0,0,0,0,0,0,0,0,0,0
'07430,0,0,0,0,0,0,0,0,0,0,0,0,0
'08551,0,0,0,0,0,0,0,0,0,0,0,0,0
'07830,0,0,0,0,0,0,0,0,0,0,0,0,0
'08854,0,0,0,0,0,0,0,0,0,0,0,0,0
'18901,0,0,0,0,0,0,0,0,0,0,0,0,0
'07869,0,0,0,0,0,0,0,0,0,0,0,0,0
'07869,0,0,0,0,0,0,0,0,0,0,0,0,0
'07920,0,0,0,0,0,0,0,0,0,0,0,0,0
'08886,0,0,0,0,0,0,0,0,0,0,0,0,0
'07090,0,0,0,0,0,0,0,0,0,0,0,0,0
'08805,0,0,0,0,0,0,0,0,0,0,0,0,0
'08829,0,0,0,0,0,0,0,0,0,0,0,0,0
'08844,0,0,0,0,0,0,0,0,0,0,0,0,0
'18960,0,0,0,0,0,0,0,0,0,0,0,0,0
'07016,0,0,0,0,0,0,0,0,0,0,0,0,0
'18938,0,0,0,0,0,0,0,0,0,0,0,0,0
'07081,0,0,0,0,0,0,0,0,0,0,0,0,0
'07450,0,0,0,0,0,0,0,0,0,0,0,0,0
'07940,0,0,0,0,0,0,0,0,0,0,0,0,0
'08558,0,0,0,0,0,0,0,0,0,0,0,0,0
'08807,0,0,0,0,0,0,0,0,0,0,0,0,0
'08833,0,0,0,0,0,0,0,0,0,0,0,0,0
'08807,0,0,0,0,0,0,0,0,0,0,0,0,0
'08822,0,0,0,0,0,0,0,0,0,0,0,0,0
'08807,0,0,0,0,0,0,0,0,0,0,0,0,0
'08889,0,0,0,0,0,0,0,0,0,0,0,0,0
'07016,0,0,0,0,0,0,0,0,0,0,0,0,0
'08850,0,0,0,0,0,0,0,0,0,0,0,0,0
'30331,0,0,0,0,0,0,0,0,0,0,0,0,0
'18051,0,0,0,0,0,0,0,0,0,0,0,0,0
'07105,0,0,0,0,0,0,0,0,0,0,0,0,0
'18013,0,0,0,0,0,0,0,0,0,0,0,0,0
'08867,0,0,0,0,0,0,0,0,0,0,0,0,0
'07666,0,0,0,0,0,0,0,0,0,0,0,0,0
'07076,0,0,0,0,0,0,0,0,0,0,0,0,0
'07302,0,0,0,0,0,0,0,0,0,0,0,0,0
'07083,0,0,0,0,0,0,0,0,0,0,0,0,0
'07860,0,0,0,0,0,0,0,0,0,0,0,0,0
'08534,0,0,0,0,0,0,0,0,0,0,0,0,0
'08540,0,0,0,0,0,0,0,0,0,0,0,0,0
'10950,0,0,0,0,0,0,0,0,0,0,0,0,0
'08822,0,0,0,0,0,0,0,0,0,0,0,0,0
'18901,0,0,0,0,0,0,0,0,0,0,0,0,0
'18925,0,0,0,0,0,0,0,0,0,0,0,0,0
'08889,0,0,0,0,0,0,0,0,0,0,0,0,0
'08889,0,0,0,0,0,0,0,0,0,0,0,0,0
'07030,0,0,0,0,0,0,0,0,0,0,0,0,0
'08846,0,0,0,0,0,0,0,0,0,0,0,0,0
'07920,0,0,0,0,0,0,0,0,0,0,0,0,0
'08820,0,0,0,0,0,0,0,0,0,0,0,0,0
'07036,0,0,0,0,0,0,0,0,0,0,0,0,0
'08844,0,0,0,0,0,0,0,0,0,0,0,0,0
'07946,0,0,0,0,0,0,0,0,0,0,0,0,0
'08807,0,0,0,0,0,0,0,0,0,0,0,0,0
'18914,0,0,0,0,0,0,0,0,0,0,0,0,0
'18055,0,0,0,0,0,0,0,0,0,0,0,0,0
'07044,0,0,0,0,0,0,0,0,0,0,0,0,0
'08889,0,0,0,0,0,0,0,0,0,0,0,0,0
'08540,0,0,0,0,0,0,0,0,0,0,0,0,0
'08753,0,0,0,0,0,0,0,0,0,0,0,0,0
'08804,0,0,0,0,0,0,0,0,0,0,0,0,0
'07070,0,0,0,0,0,0,0,0,0,0,0,0,0
'18042,0,0,0,0,0,0,0,0,0,0,0,0,0
'08873,0,0,0,0,0,0,0,0,0,0,0,0,0
'08844,0,0,0,0,0,0,0,0,0,0,0,0,0
'08835,0,0,0,0,0,0,0,0,0,0,0,0,0
'07945,0,0,0,0,0,0,0,0,0,0,0,0,0
'19446,0,0,0,0,0,0,0,0,0,0,0,0,0
'08836,0,0,0,0,0,0,0,0,0,0,0,0,0
'08820,0,0,0,0,0,0,0,0,0,0,0,0,0
'08826,0,0,0,0,0,0,0,0,0,0,0,0,0
'07090,0,0,0,0,0,0,0,0,0,0,0,0,0
'18042,0,0,0,0,0,0,0,0,0,0,0,0,0
'07028,0,0,0,0,0,0,0,0,0,0,0,0,0
'08801,0,0,0,0,0,0,0,0,0,0,0,0,0
'08822,0,0,0,0,0,0,0,0,0,0,0,0,0
'08844,0,0,0,0,0,0,0,0,0,0,0,0,0
'08848,0,0,0,0,0,0,0,0,0,0,0,0,0
'08848,0,0,0,0,0,0,0,0,0,0,0,0,0
'08558,0,0,0,0,0,0,0,0,0,0,0,0,0
'07059,0,0,0,0,0,0,0,0,0,0,0,0,0
'18974,0,0,0,0,0,0,0,0,0,0,0,0,0
'18929,0,0,0,0,0,0,0,0,0,0,0,0,0
'07863,0,0,0,0,0,0,0,0,0,0,0,0,0
'08825,0,0,0,0,0,0,0,0,0,0,0,0,0
'08822,0,0,0,0,0,0,0,0,0,0,0,0,0
'07718,0,0,0,0,0,0,0,0,0,0,0,0,0
'18064,0,0,0,0,0,0,0,0,0,0,0,0,0
'07738,0,0,0,0,0,0,0,0,0,0,0,0,0
'66062,0,0,0,0,0,0,0,0,0,0,0,0,0
'08822,0,0,0,0,0,0,0,0,0,0,0,0,0
'08844,0,0,0,0,0,0,0,0,0,0,0,0,0
'07076,0,0,0,0,0,0,0,0,0,0,0,0,0
'08820,0,0,0,0,0,0,0,0,0,0,0,0,0
'08859,0,0,0,0,0,0,0,0,0,0,0,0,0
'08810,0,0,0,0,0,0,0,0,0,0,0,0,0
'19464,0,0,0,0,0,0,0,0,0,0,0,0,0
'19465,0,0,0,0,0,0,0,0,0,0,0,0,0
'08858,0,0,0,0,0,0,0,0,0,0,0,0,0
'19454,0,0,0,0,0,0,0,0,0,0,0,0,0
'07828,0,0,0,0,0,0,0,0,0,0,0,0,0
'08850,0,0,0,0,0,0,0,0,0,0,0,0,0
'08844,0,0,0,0,0,0,0,0,0,0,0,0,0
'08850,0,0,0,0,0,0,0,0,0,0,0,0,0
'19106,0,0,0,0,0,0,0,0,0,0,0,0,0
'08802,0,0,0,0,0,0,0,0,0,0,0,0,0
'08844,0,0,0,0,0,0,0,0,0,0,0,0,0
'07928,0,0,0,0,0,0,0,0,0,0,0,0,0
'08742,0,0,0,0,0,0,0,0,0,0,0,0,0
'08807,0,0,0,0,0,0,0,0,0,0,0,0,0
'08542,0,0,0,0,0,0,0,0,0,0,0,0,0
'19135,0,0,0,0,0,0,0,0,0,0,0,0,0
'10016,0,0,0,0,0,0,0,0,0,0,0,0,0
'08016,0,0,0,0,0,0,0,0,0,0,0,0,0
'07731,0,0,0,0,0,0,0,0,0,0,0,0,0
'07090,0,0,0,0,0,0,0,0,0,0,0,0,0
'07033,0,0,0,0,0,0,0,0,0,0,0,0,0
'18020,0,0,0,0,0,0,0,0,0,0,0,0,0
'07751,0,0,0,0,0,0,0,0,0,0,0,0,0
'08540,0,0,0,0,0,0,0,0,0,0,0,0,0
'18901,0,0,0,0,0,0,0,0,0,0,0,0,0
'07921,0,0,0,0,0,0,0,0,0,0,0,0,0
'07090,0,0,0,0,0,0,0,0,0,0,0,0,0
'07922,0,0,0,0,0,0,0,0,0,0,0,0,0
'08854,0,0,0,0,0,0,0,0,0,0,0,0,0
'07920,0,0,0,0,0,0,0,0,0,0,0,0,0
'08886,0,0,0,0,0,0,0,0,0,0,0,0,0
'18062,0,0,0,0,0,0,0,0,0,0,0,0,0
'07092,0,0,0,0,0,0,0,0,0,0,0,0,0
'07067,0,0,0,0,0,0,0,0,0,0,0,0,0
'08809,0,0,0,0,0,0,0,0,0,0,0,0,0
'08534,0,0,0,0,0,0,0,0,0,0,0,0,0
'19444,0,0,0,0,0,0,0,0,0,0,0,0,0
'03253,0,0,0,0,0,0,0,0,0,0,0,0,0
'08809,0,0,0,0,0,0,0,0,0,0,0,0,0
'19428,0,0,0,0,0,0,0,0,0,0,0,0,0
'08854,0,0,0,0,0,0,0,0,0,0,0,0,0
'07960,0,0,0,0,0,0,0,0,0,0,0,0,0
'08844,0,0,0,0,0,0,0,0,0,0,0,0,0
'08886,0,0,0,0,0,0,0,0,0,0,0,0,0
'08844,0,0,0,0,0,0,0,0,0,0,0,0,0
'07936,0,0,0,0,0,0,0,0,0,0,0,0,0
'08844,0,0,0,0,0,0,0,0,0,0,0,0,0
'18103,0,0,0,0,0,0,0,0,0,0,0,0,0
'19067,0,0,0,0,0,0,0,0,0,0,0,0,0
'07023,0,0,0,0,0,0,0,0,0,0,0,0,0
'08844,0,0,0,0,0,0,0,0,0,0,0,0,0
'19382,0,0,0,0,0,0,0,0,0,0,0,0,0
'18045,0,0,0,0,0,0,0,0,0,0,0,0,0
'07422,0,0,0,0,0,0,0,0,0,0,0,0,0
'07946,0,0,0,0,0,0,0,0,0,0,0,0,0
'07042,0,0,0,0,0,0,0,0,0,0,0,0,0
'08889,0,0,0,0,0,0,0,0,0,0,0,0,0
'07869,0,0,0,0,0,0,0,0,0,0,0,0,0
'18042,0,0,0,0,0,0,0,0,0,0,0,0,0
'07092,0,0,0,0,0,0,0,0,0,0,0,0,0
'08801,0,0,0,0,0,0,0,0,0,0,0,0,0
'07030,0,0,0,0,0,0,0,0,0,0,0,0,0
'08846,0,0,0,0,0,0,0,0,0,0,0,0,0
'07871,0,0,0,0,0,0,0,0,0,0,0,0,0
'07090,0,0,0,0,0,0,0,0,0,0,0,0,0
'08884,0,0,0,0,0,0,0,0,0,0,0,0,0
'18054,0,0,0,0,0,0,0,0,0,0,0,0,0
'08822,0,0,0,0,0,0,0,0,0,0,0,0,0
'18031,0,0,0,0,0,0,0,0,0,0,0,0,0
'08822,0,0,0,0,0,0,0,0,0,0,0,0,0
'07030,0,0,0,0,0,0,0,0,0,0,0,0,0
'07001,0,0,0,0,0,0,0,0,0,0,0,0,0
'18042,0,0,0,0,0,0,0,0,0,0,0,0,0
'07836,0,0,0,0,0,0,0,0,0,0,0,0,0
'08807,0,0,0,0,0,0,0,0,0,0,0,0,0
'08882,0,0,0,0,0,0,0,0,0,0,0,0,0
'19446,0,0,0,0,0,0,0,0,0,0,0,0,0
'08857,0,0,0,0,0,0,0,0,0,0,0,0,0
'07920,0,0,0,0,0,0,0,0,0,0,0,0,0
'08551,0,0,0,0,0,0,0,0,0,0,0,0,0
'18045,0,0,0,0,0,0,0,0,0,0,0,0,0
'07076,0,0,0,0,0,0,0,0,0,0,0,0,0
'07040,0,0,0,0,0,0,0,0,0,0,0,0,0
'08846,0,0,0,0,0,0,0,0,0,0,0,0,0
'08846,0,0,0,0,0,0,0,0,0,0,0,0,0
'08844,0,0,0,0,0,0,0,0,0,0,0,0,0
'18964,0,0,0,0,0,0,0,0,0,0,0,0,0
'08833,0,0,0,0,0,0,0,0,0,0,0,0,0
'08822,0,0,0,0,0,0,0,0,0,0,0,0,0
'07652,0,0,0,0,0,0,0,0,0,0,0,0,0
'07960,0,0,0,0,0,0,0,0,0,0,0,0,0
'18013,0,0,0,0,0,0,0,0,0,0,0,0,0
'08876,0,0,0,0,0,0,0,0,0,0,0,0,0
'07924,0,0,0,0,0,0,0,0,0,0,0,0,0
'90293,0,0,0,0,0,0,0,0,0,0,0,0,0
'07940,0,0,0,0,0,0,0,0,0,0,0,0,0
'07052,0,0,0,0,0,0,0,0,0,0,0,0,0
'08822,0,0,0,0,0,0,0,0,0,0,0,0,0
'08889,0,0,0,0,0,0,0,0,0,0,0,0,0
'08812,0,0,0,0,0,0,0,0,0,0,0,0,0
'18055,0,0,0,0,0,0,0,0,0,0,0,0,0
'13905,0,0,0,0,0,0,0,0,0,0,0,0,0
'08807,0,0,0,0,0,0,0,0,0,0,0,0,0
'19403,0,0,0,0,0,0,0,0,0,0,0,0,0
'08861,0,0,0,0,0,0,0,0,0,0,0,0,0
'08865,0,0,0,0,0,0,0,0,0,0,0,0,0
'08867,0,0,0,0,0,0,0,0,0,0,0,0,0
'18015,0,0,0,0,0,0,0,0,0,0,0,0,0
'08833,0,0,0,0,0,0,0,0,0,0,0,0,0
'08840,0,0,0,0,0,0,0,0,0,0,0,0,0
'18334,0,0,0,0,0,0,0,0,0,0,0,0,0
'18944,0,0,0,0,0,0,0,0,0,0,0,0,0
'18322,0,0,0,0,0,0,0,0,0,0,0,0,0
'08809,0,0,0,0,0,0,0,0,0,0,0,0,0
'07090,0,0,0,0,0,0,0,0,0,0,0,0,0
'18040,0,0,0,0,0,0,0,0,0,0,0,0,0
'08822,0,0,0,0,0,0,0,0,0,0,0,0,0
'07095,0,0,0,0,0,0,0,0,0,0,0,0,0
'19438,0,0,0,0,0,0,0,0,0,0,0,0,0
'08822,0,0,0,0,0,0,0,0,0,0,0,0,0
'18901,0,0,0,0,0,0,0,0,0,0,0,0,0
'07901,0,0,0,0,0,0,0,0,0,0,0,0,0
'07927,0,0,0,0,0,0,0,0,0,0,0,0,0
'07834,0,0,0,0,0,0,0,0,0,0,0,0,0
'07834,0,0,0,0,0,0,0,0,0,0,0,0,0
'08865,0,0,0,0,0,0,0,0,0,0,0,0,0
'18947,0,0,0,0,0,0,0,0,0,0,0,0,0
'12010,0,0,0,0,0,0,0,0,0,0,0,0,0
'19422,0,0,0,0,0,0,0,0,0,0,0,0,0
'18914,0,0,0,0,0,0,0,0,0,0,0,0,0
'07002,0,0,0,0,0,0,0,0,0,0,0,0,0
'08848,0,0,0,0,0,0,0,0,0,0,0,0,0
'08534,0,0,0,0,0,0,0,0,0,0,0,0,0
'08840,0,0,0,0,0,0,0,0,0,0,0,0,0
'07920,0,0,0,0,0,0,0,0,0,0,0,0,0
'18938,0,0,0,0,0,0,0,0,0,0,0,0,0
'07060,0,0,0,0,0,0,0,0,0,0,0,0,0
'08876,0,0,0,0,0,0,0,0,0,0,0,0,0
'07853,0,0,0,0,0,0,0,0,0,0,0,0,0
'18947,0,0,0,0,0,0,0,0,0,0,0,0,0
'18042,0,0,0,0,0,0,0,0,0,0,0,0,0
'08889,0,0,0,0,0,0,0,0,0,0,0,0,0
'08805,0,0,0,0,0,0,0,0,0,0,0,0,0
'07016,0,0,0,0,0,0,0,0,0,0,0,0,0
'08827,0,0,0,0,0,0,0,0,0,0,0,0,0
'18337,0,0,0,0,0,0,0,0,0,0,0,0,0
'07001,0,0,0,0,0,0,0,0,0,0,0,0,0
'08822,0,0,0,0,0,0,0,0,0,0,0,0,0
'08840,0,0,0,0,0,0,0,0,0,0,0,0,0
'07083,0,0,0,0,0,0,0,0,0,0,0,0,0
'08822,0,0,0,0,0,0,0,0,0,0,0,0,0
'18040,0,0,0,0,0,0,0,0,0,0,0,0,0
'18301,0,0,0,0,0,0,0,0,0,0,0,0,0
'18902,0,0,0,0,0,0,0,0,0,0,0,0,0
'08810,0,0,0,0,0,0,0,0,0,0,0,0,0
'18977,0,0,0,0,0,0,0,0,0,0,0,0,0
'18042,0,0,0,0,0,0,0,0,0,0,0,0,0
'08867,0,0,0,0,0,0,0,0,0,0,0,0,0
'07920,0,0,0,0,0,0,0,0,0,0,0,0,0
'07003,0,0,0,0,0,0,0,0,0,0,0,0,0
'18017,0,0,0,0,0,0,0,0,0,0,0,0,0
'08833,0,0,0,0,0,0,0,0,0,0,0,0,0
'18072,0,0,0,0,0,0,0,0,0,0,0,0,0
'08850,0,0,0,0,0,0,0,0,0,0,0,0,0
'08501,0,0,0,0,0,0,0,0,0,0,0,0,0
'08807,0,0,0,0,0,0,0,0,0,0,0,0,0
'08867,0,0,0,0,0,0,0,0,0,0,0,0,0
'08857,0,0,0,0,0,0,0,0,0,0,0,0,0
'07080,0,0,0,0,0,0,0,0,0,0,0,0,0
'08816,0,0,0,0,0,0,0,0,0,0,0,0,0
'08901,0,0,0,0,0,0,0,0,0,0,0,0,0
'18040,0,0,0,0,0,0,0,0,0,0,0,0,0
'07090,0,0,0,0,0,0,0,0,0,0,0,0,0
'07726,0,0,0,0,0,0,0,0,0,0,0,0,0
'08807,0,0,0,0,0,0,0,0,0,0,0,0,0
'08558,0,0,0,0,0,0,0,0,0,0,0,0,0
'18104,0,0,0,0,0,0,0,0,0,0,0,0,0
'08817,0,0,0,0,0,0,0,0,0,0,0,0,0
'08559,0,0,0,0,0,0,0,0,0,0,0,0,0
'08807,0,0,0,0,0,0,0,0,0,0,0,0,0
'07940,0,0,0,0,0,0,0,0,0,0,0,0,0
'07065,0,0,0,0,0,0,0,0,0,0,0,0,0
'02482,0,0,0,0,0,0,0,0,0,0,0,0,0
'08822,0,0,0,0,0,0,0,0,0,0,0,0,0
'07202,0,0,0,0,0,0,0,0,0,0,0,0,0
'07033,0,0,0,0,0,0,0,0,0,0,0,0,0
'18104,0,0,0,0,0,0,0,0,0,0,0,0,0
'07840,0,0,0,0,0,0,0,0,0,0,0,0,0
'19446,0,0,0,0,0,0,0,0,0,0,0,0,0
'07036,0,0,0,0,0,0,0,0,0,0,0,0,0
'08824,0,0,0,0,0,0,0,0,0,0,0,0,0
'18902,0,0,0,0,0,0,0,0,0,0,0,0,0
'08648,0,0,0,0,0,0,0,0,0,0,0,0,0
'08619,0,0,0,0,0,0,0,0,0,0,0,0,0
'18902,0,0,0,0,0,0,0,0,0,0,0,0,0
'08844,0,0,0,0,0,0,0,0,0,0,0,0,0
'19428,0,0,0,0,0,0,0,0,0,0,0,0,0
'07081,0,0,0,0,0,0,0,0,0,0,0,0,0
'08826,0,0,0,0,0,0,0,0,0,0,0,0,0
'07960,0,0,0,0,0,0,0,0,0,0,0,0,0
'08865,0,0,0,0,0,0,0,0,0,0,0,0,0
'08854,0,0,0,0,0,0,0,0,0,0,0,0,0
'08807,0,0,0,0,0,0,0,0,0,0,0,0,0
'18902,0,0,0,0,0,0,0,0,0,0,0,0,0
'19464,0,0,0,0,0,0,0,0,0,0,0,0,0
'08833,0,0,0,0,0,0,0,0,0,0,0,0,0
'08848,0,0,0,0,0,0,0,0,0,0,0,0,0
'07934,0,0,0,0,0,0,0,0,0,0,0,0,0
'08833,0,0,0,0,0,0,0,0,0,0,0,0,0
'08822,0,0,0,0,0,0,0,0,0,0,0,0,0
'08807,0,0,0,0,0,0,0,0,0,0,0,0,0
'08886,0,0,0,0,0,0,0,0,0,0,0,0,0
'08558,0,0,0,0,0,0,0,0,0,0,0,0,0
'18938,0,0,0,0,0,0,0,0,0,0,0,0,0
'08886,0,0,0,0,0,0,0,0,0,0,0,0,0
'19118,0,0,0,0,0,0,0,0,0,0,0,0,0
'07830,0,0,0,0,0,0,0,0,0,0,0,0,0
'07206,0,0,0,0,0,0,0,0,0,0,0,0,0
'08869,0,0,0,0,0,0,0,0,0,0,0,0,0
'08837,0,0,0,0,0,0,0,0,0,0,0,0,0
'07853,0,0,0,0,0,0,0,0,0,0,0,0,0
'08844,0,0,0,0,0,0,0,0,0,0,0,0,0
'07059,0,0,0,0,0,0,0,0,0,0,0,0,0
'08822,0,0,0,0,0,0,0,0,0,0,0,0,0
'08805,0,0,0,0,0,0,0,0,0,0,0,0,0
'07922,0,0,0,0,0,0,0,0,0,0,0,0,0
'08854,0,0,0,0,0,0,0,0,0,0,0,0,0
'07960,0,0,0,0,0,0,0,0,0,0,0,0,0
'18944,0,0,0,0,0,0,0,0,0,0,0,0,0
'08560,0,0,0,0,0,0,0,0,0,0,0,0,0
'08876,0,0,0,0,0,0,0,0,0,0,0,0,0
'08873,0,0,0,0,0,0,0,0,0,0,0,0,0
'07432,0,0,0,0,0,0,0,0,0,0,0,0,0
'18914,0,0,0,0,0,0,0,0,0,0,0,0,0
'07920,0,0,0,0,0,0,0,0,0,0,0,0,0
'18902,0,0,0,0,0,0,0,0,0,0,0,0,0
'18944,0,0,0,0,0,0,0,0,0,0,0,0,0
'08889,0,0,0,0,0,0,0,0,0,0,0,0,0
'08844,0,0,0,0,0,0,0,0,0,0,0,0,0
'08804,0,0,0,0,0,0,0,0,0,0,0,0,0
'08809,0,0,0,0,0,0,0,0,0,0,0,0,0
'07432,0,0,0,0,0,0,0,0,0,0,0,0,0
'07086,0,0,0,0,0,0,0,0,0,0,0,0,0
'08840,0,0,0,0,0,0,0,0,0,0,0,0,0
'10075,0,0,0,0,0,0,0,0,0,0,0,0,0
'07092,0,0,0,0,0,0,0,0,0,0,0,0,0
'08827,0,0,0,0,0,0,0,0,0,0,0,0,0
'08809,0,0,0,0,0,0,0,0,0,0,0,0,0
'08833,0,0,0,0,0,0,0,0,0,0,0,0,0
'07016,0,0,0,0,0,0,0,0,0,0,0,0,0
'15102,0,0,0,0,0,0,0,0,0,0,0,0,0
'18901,0,0,0,0,0,0,0,0,0,0,0,0,0
'18045,0,0,0,0,0,0,0,0,0,0,0,0,0
'18902,0,0,0,0,0,0,0,0,0,0,0,0,0
'08833,0,0,0,0,0,0,0,0,0,0,0,0,0
'08822,0,0,0,0,0,0,0,0,0,0,0,0,0
'07834,0,0,0,0,0,0,0,0,0,0,0,0,0
'08902,0,0,0,0,0,0,0,0,0,0,0,0,0
'08844,0,0,0,0,0,0,0,0,0,0,0,0,0
'07920,0,0,0,0,0,0,0,0,0,0,0,0,0
'08865,0,0,0,0,0,0,0,0,0,0,0,0,0
'07080,0,0,0,0,0,0,0,0,0,0,0,0,0
'08867,0,0,0,0,0,0,0,0,0,0,0,0,0
'95051,0,0,0,0,0,0,0,0,0,0,0,0,0
'07204,0,0,0,0,0,0,0,0,0,0,0,0,0
'19438,0,0,0,0,0,0,0,0,0,0,0,0,0
'08865,0,0,0,0,0,0,0,0,0,0,0,0,0
'08861,0,0,0,0,0,0,0,0,0,0,0,0,0
'18104,0,0,0,0,0,0,0,0,0,0,0,0,0
'08857,0,0,0,0,0,0,0,0,0,0,0,0,0
'08807,0,0,0,0,0,0,0,0,0,0,0,0,0
'07901,0,0,0,0,0,0,0,0,0,0,0,0,0
'08886,0,0,0,0,0,0,0,0,0,0,0,0,0
'18020,0,0,0,0,0,0,0,0,0,0,0,0,0
'08822,0,0,0,0,0,0,0,0,0,0,0,0,0
'08807,0,0,0,0,0,0,0,0,0,0,0,0,0
'08873,0,0,0,0,0,0,0,0,0,0,0,0,0
'07940,0,0,0,0,0,0,0,0,0,0,0,0,0
'08873,0,0,0,0,0,0,0,0,0,0,0,0,0
'08502,0,0,0,0,0,0,0,0,0,0,0,0,0
'07960,0,0,0,0,0,0,0,0,0,0,0,0,0
'18976,0,0,0,0,0,0,0,0,0,0,0,0,0
'07060,0,0,0,0,0,0,0,0,0,0,0,0,0
'08889,0,0,0,0,0,0,0,0,0,0,0,0,0
'19038,0,0,0,0,0,0,0,0,0,0,0,0,0
'08854,0,0,0,0,0,0,0,0,0,0,0,0,0
'07023,0,0,0,0,0,0,0,0,0,0,0,0,0
'08730,0,0,0,0,0,0,0,0,0,0,0,0,0
'08003,0,0,0,0,0,0,0,0,0,0,0,0,0
'19401,0,0,0,0,0,0,0,0,0,0,0,0,0
'19438,0,0,0,0,0,0,0,0,0,0,0,0,0
'08865,0,0,0,0,0,0,0,0,0,0,0,0,0
'07033,0,0,0,0,0,0,0,0,0,0,0,0,0
'07974,0,0,0,0,0,0,0,0,0,0,0,0,0
'08886,0,0,0,0,0,0,0,0,0,0,0,0,0
'18932,0,0,0,0,0,0,0,0,0,0,0,0,0
'18036,0,0,0,0,0,0,0,0,0,0,0,0,0
'07090,0,0,0,0,0,0,0,0,0,0,0,0,0
'07059,0,0,0,0,0,0,0,0,0,0,0,0,0
'07853,0,0,0,0,0,0,0,0,0,0,0,0,0
'08833,0,0,0,0,0,0,0,0,0,0,0,0,0
'07921,0,0,0,0,0,0,0,0,0,0,0,0,0
'08876,0,0,0,0,0,0,0,0,0,0,0,0,0
'08844,0,0,0,0,0,0,0,0,0,0,0,0,0
'08822,0,0,0,0,0,0,0,0,0,0,0,0,0
'18925,0,0,0,0,0,0,0,0,0,0,0,0,0
'08886,0,0,0,0,0,0,0,0,0,0,0,0,0
'18015,0,0,0,0,0,0,0,0,0,0,0,0,0
'08809,0,0,0,0,0,0,0,0,0,0,0,0,0
'27587,0,0,0,0,0,0,0,0,0,0,0,0,0
'08827,0,0,0,0,0,0,0,0,0,0,0,0,0
'19440,0,0,0,0,0,0,0,0,0,0,0,0,0
'07067,0,0,0,0,0,0,0,0,0,0,0,0,0
'18036,0,0,0,0,0,0,0,0,0,0,0,0,0
'08889,0,0,0,0,0,0,0,0,0,0,0,0,0
'08807,0,0,0,0,0,0,0,0,0,0,0,0,0
'07095,0,0,0,0,0,0,0,0,0,0,0,0,0
'46032,0,0,0,0,0,0,0,0,0,0,0,0,0
'94301,0,0,0,0,0,0,0,0,0,0,0,0,0
'14770,0,0,0,0,0,0,0,0,0,0,0,0,0
'07920,0,0,0,0,0,0,0,0,0,0,0,0,0
'07090,0,0,0,0,0,0,0,0,0,0,0,0,0
'07062,0,0,0,0,0,0,0,0,0,0,0,0,0
'08062,0,0,0,0,0,0,0,0,0,0,0,0,0
'08527,0,0,0,0,0,0,0,0,0,0,0,0,0
'08826,0,0,0,0,0,0,0,0,0,0,0,0,0
'19446,0,0,0,0,0,0,0,0,0,0,0,0,0
'19067,0,0,0,0,0,0,0,0,0,0,0,0,0
'07747,0,0,0,0,0,0,0,0,0,0,0,0,0
'08848,0,0,0,0,0,0,0,0,0,0,0,0,0
'07052,0,0,0,0,0,0,0,0,0,0,0,0,0
'08865,0,0,0,0,0,0,0,0,0,0,0,0,0
'18902,0,0,0,0,0,0,0,0,0,0,0,0,0
'19031,0,0,0,0,0,0,0,0,0,0,0,0,0
'18055,0,0,0,0,0,0,0,0,0,0,0,0,0
'07081,0,0,0,0,0,0,0,0,0,0,0,0,0
'07930,0,0,0,0,0,0,0,0,0,0,0,0,0
'18360,0,0,0,0,0,0,0,0,0,0,0,0,0
'15044,0,0,0,0,0,0,0,0,0,0,0,0,0
'08502,0,0,0,0,0,0,0,0,0,0,0,0,0
'01070,0,0,0,0,0,0,0,0,0,0,0,0,0
'19136,0,0,0,0,0,0,0,0,0,0,0,0,0
'08820,0,0,0,0,0,0,0,0,0,0,0,0,0
'19067,0,0,0,0,0,0,0,0,0,0,0,0,0
'19130,0,0,0,0,0,0,0,0,0,0,0,0,0
'08822,0,0,0,0,0,0,0,0,0,0,0,0,0
'15003,0,0,0,0,0,0,0,0,0,0,0,0,0
'07840,0,0,0,0,0,0,0,0,0,0,0,0,0
'08853,0,0,0,0,0,0,0,0,0,0,0,0,0
'08807,0,0,0,0,0,0,0,0,0,0,0,0,0
'08034,0,0,0,0,0,0,0,0,0,0,0,0,0
'07960,0,0,0,0,0,0,0,0,0,0,0,0,0
'18045,0,0,0,0,0,0,0,0,0,0,0,0,0
'08858,0,0,0,0,0,0,0,0,0,0,0,0,0
'07928,0,0,0,0,0,0,0,0,0,0,0,0,0
'08540,0,0,0,0,0,0,0,0,0,0,0,0,0
'07930,0,0,0,0,0,0,0,0,0,0,0,0,0
'08520,0,0,0,0,0,0,0,0,0,0,0,0,0
'07470,0,0,0,0,0,0,0,0,0,0,0,0,0
'07920,0,0,0,0,0,0,0,0,0,0,0,0,0
'18901,0,0,0,0,0,0,0,0,0,0,0,0,0
'10954,0,0,0,0,0,0,0,0,0,0,0,0,0
'08886,0,0,0,0,0,0,0,0,0,0,0,0,0
'08822,0,0,0,0,0,0,0,0,0,0,0,0,0
'08854,0,0,0,0,0,0,0,0,0,0,0,0,0
'08833,0,0,0,0,0,0,0,0,0,0,0,0,0
'07090,0,0,0,0,0,0,0,0,0,0,0,0,0
'08844,0,0,0,0,0,0,0,0,0,0,0,0,0
'08802,0,0,0,0,0,0,0,0,0,0,0,0,0
'08807,0,0,0,0,0,0,0,0,0,0,0,0,0
'08638,0,0,0,0,0,0,0,0,0,0,0,0,0
'07920,0,0,0,0,0,0,0,0,0,0,0,0,0
'18045,0,0,0,0,0,0,0,0,0,0,0,0,0
'07069,0,0,0,0,0,0,0,0,0,0,0,0,0
'08535,0,0,0,0,0,0,0,0,0,0,0,0,0
'07823,0,0,0,0,0,0,0,0,0,0,0,0,0
'08551,0,0,0,0,0,0,0,0,0,0,0,0,0
'15084,0,0,0,0,0,0,0,0,0,0,0,0,0
'11510,0,0,0,0,0,0,0,0,0,0,0,0,0
'18040,0,0,0,0,0,0,0,0,0,0,0,0,0
'07920,0,0,0,0,0,0,0,0,0,0,0,0,0
'07901,0,0,0,0,0,0,0,0,0,0,0,0,0
'08852,0,0,0,0,0,0,0,0,0,0,0,0,0
'08054,0,0,0,0,0,0,0,0,0,0,0,0,0
'07974,0,0,0,0,0,0,0,0,0,0,0,0,0
'08889,0,0,0,0,0,0,0,0,0,0,0,0,0
'08822,0,0,0,0,0,0,0,0,0,0,0,0,0
'08833,0,0,0,0,0,0,0,0,0,0,0,0,0
'08833,0,0,0,0,0,0,0,0,0,0,0,0,0
'08844,0,0,0,0,0,0,0,0,0,0,0,0,0
'19422,0,0,0,0,0,0,0,0,0,0,0,0,0
'08807,0,0,0,0,0,0,0,0,0,0,0,0,0
'08826,0,0,0,0,0,0,0,0,0,0,0,0,0
'19426,0,0,0,0,0,0,0,0,0,0,0,0,0
'08035,0,0,0,0,0,0,0,0,0,0,0,0,0
'07059,0,0,0,0,0,0,0,0,0,0,0,0,0
'19403,0,0,0,0,0,0,0,0,0,0,0,0,0
'07302,0,0,0,0,0,0,0,0,0,0,0,0,0
'08550,0,0,0,0,0,0,0,0,0,0,0,0,0
'27807,0,0,0,0,0,0,0,0,0,0,0,0,0
'07030,0,0,0,0,0,0,0,0,0,0,0,0,0
'08863,0,0,0,0,0,0,0,0,0,0,0,0,0
'07840,0,0,0,0,0,0,0,0,0,0,0,0,0
'18940,0,0,0,0,0,0,0,0,0,0,0,0,0
'07675,0,0,0,0,0,0,0,0,0,0,0,0,0
'18055,0,0,0,0,0,0,0,0,0,0,0,0,0
'18969,0,0,0,0,0,0,0,0,0,0,0,0,0
'19422,0,0,0,0,0,0,0,0,0,0,0,0,0
'08550,0,0,0,0,0,0,0,0,0,0,0,0,0
'19025,0,0,0,0,0,0,0,0,0,0,0,0,0
'08807,0,0,0,0,0,0,0,0,0,0,0,0,0
'07901,0,0,0,0,0,0,0,0,0,0,0,0,0
'19426,0,0,0,0,0,0,0,0,0,0,0,0,0
'08867,0,0,0,0,0,0,0,0,0,0,0,0,0
'08802,0,0,0,0,0,0,0,0,0,0,0,0,0
'08809,0,0,0,0,0,0,0,0,0,0,0,0,0
'18072,0,0,0,0,0,0,0,0,0,0,0,0,0
'08826,0,0,0,0,0,0,0,0,0,0,0,0,0
'07746,0,0,0,0,0,0,0,0,0,0,0,0,0
'08809,0,0,0,0,0,0,0,0,0,0,0,0,0
'19067,0,0,0,0,0,0,0,0,0,0,0,0,0
'07828,0,0,0,0,0,0,0,0,0,0,0,0,0
'19440,0,0,0,0,0,0,0,0,0,0,0,0,0
'07076,0,0,0,0,0,0,0,0,0,0,0,0,0
'07901,0,0,0,0,0,0,0,0,0,0,0,0,0
'18055,0,0,0,0,0,0,0,0,0,0,0,0,0
'07731,0,0,0,0,0,0,0,0,0,0,0,0,0
'07067,0,0,0,0,0,0,0,0,0,0,0,0,0
'19446,0,0,0,0,0,0,0,0,0,0,0,0,0
'08854,0,0,0,0,0,0,0,0,0,0,0,0,0
'19002,0,0,0,0,0,0,0,0,0,0,0,0,0
'07920,0,0,0,0,0,0,0,0,0,0,0,0,0
'07930,0,0,0,0,0,0,0,0,0,0,0,0,0
'07039,0,0,0,0,0,0,0,0,0,0,0,0,0
'19130,0,0,0,0,0,0,0,0,0,0,0,0,0
'19020,0,0,0,0,0,0,0,0,0,0,0,0,0
'18017,0,0,0,0,0,0,0,0,0,0,0,0,0
'08807,0,0,0,0,0,0,0,0,0,0,0,0,0
'08844,0,0,0,0,0,0,0,0,0,0,0,0,0
'07302,0,0,0,0,0,0,0,0,0,0,0,0,0
'07417,0,0,0,0,0,0,0,0,0,0,0,0,0
'08886,0,0,0,0,0,0,0,0,0,0,0,0,0
'07076,0,0,0,0,0,0,0,0,0,0,0,0,0
'18902,0,0,0,0,0,0,0,0,0,0,0,0,0
'18067,0,0,0,0,0,0,0,0,0,0,0,0,0
'07081,0,0,0,0,0,0,0,0,0,0,0,0,0
'07076,0,0,0,0,0,0,0,0,0,0,0,0,0
'08822,0,0,0,0,0,0,0,0,0,0,0,0,0
'07878,0,0,0,0,0,0,0,0,0,0,0,0,0
'19504,0,0,0,0,0,0,0,0,0,0,0,0,0
'08826,0,0,0,0,0,0,0,0,0,0,0,0,0
'07065,0,0,0,0,0,0,0,0,0,0,0,0,0
'07920,0,0,0,0,0,0,0,0,0,0,0,0,0
'19085,0,0,0,0,0,0,0,0,0,0,0,0,0
'07753,0,0,0,0,0,0,0,0,0,0,0,0,0
'18901,0,0,0,0,0,0,0,0,0,0,0,0,0
'08502,0,0,0,0,0,0,0,0,0,0,0,0,0
'08853,0,0,0,0,0,0,0,0,0,0,0,0,0
'08527,0,0,0,0,0,0,0,0,0,0,0,0,0
'18901,0,0,0,0,0,0,0,0,0,0,0,0,0
'07095,0,0,0,0,0,0,0,0,0,0,0,0,0
'07928,0,0,0,0,0,0,0,0,0,0,0,0,0
'07920,0,0,0,0,0,0,0,0,0,0,0,0,0
'07080,0,0,0,0,0,0,0,0,0,0,0,0,0
'07023,0,0,0,0,0,0,0,0,0,0,0,0,0
'08502,0,0,0,0,0,0,0,0,0,0,0,0,0
'07945,0,0,0,0,0,0,0,0,0,0,0,0,0
'08873,0,0,0,0,0,0,0,0,0,0,0,0,0
'07936,0,0,0,0,0,0,0,0,0,0,0,0,0
'08822,0,0,0,0,0,0,0,0,0,0,0,0,0
'08848,0,0,0,0,0,0,0,0,0,0,0,0,0
'18901,0,0,0,0,0,0,0,0,0,0,0,0,0
'07060,0,0,0,0,0,0,0,0,0,0,0,0,0
'07060,0,0,0,0,0,0,0,0,0,0,0,0,0
'07950,0,0,0,0,0,0,0,0,0,0,0,0,0
'07059,0,0,0,0,0,0,0,0,0,0,0,0,0
'07931,0,0,0,0,0,0,0,0,0,0,0,0,0
'33331,0,0,0,0,0,0,0,0,0,0,0,0,0
'07666,0,0,0,0,0,0,0,0,0,0,0,0,0
'08801,0,0,0,0,0,0,0,0,0,0,0,0,0
'98801,0,0,0,0,0,0,0,0,0,0,0,0,0
'08873,0,0,0,0,0,0,0,0,0,0,0,0,0
'08816,0,0,0,0,0,0,0,0,0,0,0,0,0
'18052,0,0,0,0,0,0,0,0,0,0,0,0,0
'07306,0,0,0,0,0,0,0,0,0,0,0,0,0
'08822,0,0,0,0,0,0,0,0,0,0,0,0,0
'08876,0,0,0,0,0,0,0,0,0,0,0,0,0
'08889,0,0,0,0,0,0,0,0,0,0,0,0,0
'07932,0,0,0,0,0,0,0,0,0,0,0,0,0
'08691,0,0,0,0,0,0,0,0,0,0,0,0,0
'08872,0,0,0,0,0,0,0,0,0,0,0,0,0
'08848,0,0,0,0,0,0,0,0,0,0,0,0,0
'08804,0,0,0,0,0,0,0,0,0,0,0,0,0
'18901,0,0,0,0,0,0,0,0,0,0,0,0,0
'08886,0,0,0,0,0,0,0,0,0,0,0,0,0
'07960,0,0,0,0,0,0,0,0,0,0,0,0,0
'18969,0,0,0,0,0,0,0,0,0,0,0,0,0
'08833,0,0,0,0,0,0,0,0,0,0,0,0,0
'19002,0,0,0,0,0,0,0,0,0,0,0,0,0
'18064,0,0,0,0,0,0,0,0,0,0,0,0,0
'07080,0,0,0,0,0,0,0,0,0,0,0,0,0
'18017,0,0,0,0,0,0,0,0,0,0,0,0,0
'07081,0,0,0,0,0,0,0,0,0,0,0,0,0
'18964,0,0,0,0,0,0,0,0,0,0,0,0,0
'07978,0,0,0,0,0,0,0,0,0,0,0,0,0
'08889,0,0,0,0,0,0,0,0,0,0,0,0,0
'08873,0,0,0,0,0,0,0,0,0,0,0,0,0
'18038,0,0,0,0,0,0,0,0,0,0,0,0,0
'33331,0,0,0,0,0,0,0,0,0,0,0,0,0
'19438,0,0,0,0,0,0,0,0,0,0,0,0,0
'08889,0,0,0,0,0,0,0,0,0,0,0,0,0
'08837,0,0,0,0,0,0,0,0,0,0,0,0,0
'07083,0,0,0,0,0,0,0,0,0,0,0,0,0
'10024,0,0,0,0,0,0,0,0,0,0,0,0,0
'08872,0,0,0,0,0,0,0,0,0,0,0,0,0
'08879,0,0,0,0,0,0,0,0,0,0,0,0,0
'08844,0,0,0,0,0,0,0,0,0,0,0,0,0
'08833,0,0,0,0,0,0,0,0,0,0,0,0,0
'08012,0,0,0,0,0,0,0,0,0,0,0,0,0
'19422,0,0,0,0,0,0,0,0,0,0,0,0,0
'10024,0,0,0,0,0,0,0,0,0,0,0,0,0
'08876,0,0,0,0,0,0,0,0,0,0,0,0,0
'18938,0,0,0,0,0,0,0,0,0,0,0,0,0
'07090,0,0,0,0,0,0,0,0,0,0,0,0,0
'07866,0,0,0,0,0,0,0,0,0,0,0,0,0
'19473,0,0,0,0,0,0,0,0,0,0,0,0,0
'07922,0,0,0,0,0,0,0,0,0,0,0,0,0
'08858,0,0,0,0,0,0,0,0,0,0,0,0,0
'18103,0,0,0,0,0,0,0,0,0,0,0,0,0
'07836,0,0,0,0,0,0,0,0,0,0,0,0,0
'08817,0,0,0,0,0,0,0,0,0,0,0,0,0
'08853,0,0,0,0,0,0,0,0,0,0,0,0,0
'08822,0,0,0,0,0,0,0,0,0,0,0,0,0
'08836,0,0,0,0,0,0,0,0,0,0,0,0,0
'07029,0,0,0,0,0,0,0,0,0,0,0,0,0
'08865,0,0,0,0,0,0,0,0,0,0,0,0,0
'08830,0,0,0,0,0,0,0,0,0,0,0,0,0
'08873,0,0,0,0,0,0,0,0,0,0,0,0,0
'18020,0,0,0,0,0,0,0,0,0,0,0,0,0
'18966,0,0,0,0,0,0,0,0,0,0,0,0,0
'08802,0,0,0,0,0,0,0,0,0,0,0,0,0
'08801,0,0,0,0,0,0,0,0,0,0,0,0,0
'07830,0,0,0,0,0,0,0,0,0,0,0,0,0
'08534,0,0,0,0,0,0,0,0,0,0,0,0,0
'07060,0,0,0,0,0,0,0,0,0,0,0,0,0
'19119,0,0,0,0,0,0,0,0,0,0,0,0,0
'07090,0,0,0,0,0,0,0,0,0,0,0,0,0
'22936,0,0,0,0,0,0,0,0,0,0,0,0,0
'08889,0,0,0,0,0,0,0,0,0,0,0,0,0
'08826,0,0,0,0,0,0,0,0,0,0,0,0,0
'07751,0,0,0,0,0,0,0,0,0,0,0,0,0
'08534,0,0,0,0,0,0,0,0,0,0,0,0,0
'08510,0,0,0,0,0,0,0,0,0,0,0,0,0
'07028,0,0,0,0,0,0,0,0,0,0,0,0,0
'18942,0,0,0,0,0,0,0,0,0,0,0,0,0
'18947,0,0,0,0,0,0,0,0,0,0,0,0,0
'08863,0,0,0,0,0,0,0,0,0,0,0,0,0
'07078,0,0,0,0,0,0,0,0,0,0,0,0,0
'19446,0,0,0,0,0,0,0,0,0,0,0,0,0
'08085,0,0,0,0,0,0,0,0,0,0,0,0,0
'18969,0,0,0,0,0,0,0,0,0,0,0,0,0
'07920,0,0,0,0,0,0,0,0,0,0,0,0,0
'07869,0,0,0,0,0,0,0,0,0,0,0,0,0
'07016,0,0,0,0,0,0,0,0,0,0,0,0,0
'08865,0,0,0,0,0,0,0,0,0,0,0,0,0
'08824,0,0,0,0,0,0,0,0,0,0,0,0,0
'07834,0,0,0,0,0,0,0,0,0,0,0,0,0
'07928,0,0,0,0,0,0,0,0,0,0,0,0,0
'07920,0,0,0,0,0,0,0,0,0,0,0,0,0
'07920,0,0,0,0,0,0,0,0,0,0,0,0,0
'07066,0,0,0,0,0,0,0,0,0,0,0,0,0
'07726,0,0,0,0,0,0,0,0,0,0,0,0,0
'07009,0,0,0,0,0,0,0,0,0,0,0,0,0
'18944,0,0,0,0,0,0,0,0,0,0,0,0,0
'22314,0,0,0,0,0,0,0,0,0,0,0,0,0
'08889,0,0,0,0,0,0,0,0,0,0,0,0,0
'08889,0,0,0,0,0,0,0,0,0,0,0,0,0
'08822,0,0,0,0,0,0,0,0,0,0,0,0,0
'07737,0,0,0,0,0,0,0,0,0,0,0,0,0
'08873,0,0,0,0,0,0,0,0,0,0,0,0,0
'19115,0,0,0,0,0,0,0,0,0,0,0,0,0
'18974,0,0,0,0,0,0,0,0,0,0,0,0,0
'08848,0,0,0,0,0,0,0,0,0,0,0,0,0
'18938,0,0,0,0,0,0,0,0,0,0,0,0,0
'08081,0,0,0,0,0,0,0,0,0,0,0,0,0
'08853,0,0,0,0,0,0,0,0,0,0,0,0,0
'08853,0,0,0,0,0,0,0,0,0,0,0,0,0
'07030,0,0,0,0,0,0,0,0,0,0,0,0,0
'18064,0,0,0,0,0,0,0,0,0,0,0,0,0
'18944,0,0,0,0,0,0,0,0,0,0,0,0,0
'08844,0,0,0,0,0,0,0,0,0,0,0,0,0
'19540,0,0,0,0,0,0,0,0,0,0,0,0,0
'07882,0,0,0,0,0,0,0,0,0,0,0,0,0
'08873,0,0,0,0,0,0,0,0,0,0,0,0,0
'07869,0,0,0,0,0,0,0,0,0,0,0,0,0
'08865,0,0,0,0,0,0,0,0,0,0,0,0,0
'07067,0,0,0,0,0,0,0,0,0,0,0,0,0
'18045,0,0,0,0,0,0,0,0,0,0,0,0,0
'07920,0,0,0,0,0,0,0,0,0,0,0,0,0
'08502,0,0,0,0,0,0,0,0,0,0,0,0,0
'08805,0,0,0,0,0,0,0,0,0,0,0,0,0
'08807,0,0,0,0,0,0,0,0,0,0,0,0,0
'07302,0,0,0,0,0,0,0,0,0,0,0,0,0
'18042,0,0,0,0,0,0,0,0,0,0,0,0,0
'07090,0,0,0,0,0,0,0,0,0,0,0,0,0
'18055,0,0,0,0,0,0,0,0,0,0,0,0,0
'60202,0,0,0,0,0,0,0,0,0,0,0,0,0
'19106,0,0,0,0,0,0,0,0,0,0,0,0,0
'19426,0,0,0,0,0,0,0,0,0,0,0,0,0
'05465,0,0,0,0,0,0,0,0,0,0,0,0,0
'08809,0,0,0,0,0,0,0,0,0,0,0,0,0
'08844,0,0,0,0,0,0,0,0,0,0,0,0,0
'08902,0,0,0,0,0,0,0,0,0,0,0,0,0
'08876,0,0,0,0,0,0,0,0,0,0,0,0,0
'08854,0,0,0,0,0,0,0,0,0,0,0,0,0
'08844,0,0,0,0,0,0,0,0,0,0,0,0,0
'18052,0,0,0,0,0,0,0,0,0,0,0,0,0
'08802,0,0,0,0,0,0,0,0,0,0,0,0,0
'08876,0,0,0,0,0,0,0,0,0,0,0,0,0
'08876,0,0,0,0,0,0,0,0,0,0,0,0,0
'08829,0,0,0,0,0,0,0,0,0,0,0,0,0
'19087,0,0,0,0,0,0,0,0,0,0,0,0,0
'08807,0,0,0,0,0,0,0,0,0,0,0,0,0
'07023,0,0,0,0,0,0,0,0,0,0,0,0,0
'08844,0,0,0,0,0,0,0,0,0,0,0,0,0
'08844,0,0,0,0,0,0,0,0,0,0,0,0,0
'08540,0,0,0,0,0,0,0,0,0,0,0,0,0
'19426,0,0,0,0,0,0,0,0,0,0,0,0,0
'19454,0,0,0,0,0,0,0,0,0,0,0,0,0
'07081,0,0,0,0,0,0,0,0,0,0,0,0,0
'08535,0,0,0,0,0,0,0,0,0,0,0,0,0
'18902,0,0,0,0,0,0,0,0,0,0,0,0,0
'18940,0,0,0,0,0,0,0,0,0,0,0,0,0
'07054,0,0,0,0,0,0,0,0,0,0,0,0,0
'08848,0,0,0,0,0,0,0,0,0,0,0,0,0
'07853,0,0,0,0,0,0,0,0,0,0,0,0,0
'08052,0,0,0,0,0,0,0,0,0,0,0,0,0
'07901,0,0,0,0,0,0,0,0,0,0,0,0,0
'08872,0,0,0,0,0,0,0,0,0,0,0,0,0
'08225,0,0,0,0,0,0,0,0,0,0,0,0,0
'18036,0,0,0,0,0,0,0,0,0,0,0,0,0
'08807,0,0,0,0,0,0,0,0,0,0,0,0,0
'08857,0,0,0,0,0,0,0,0,0,0,0,0,0
'07054,0,0,0,0,0,0,0,0,0,0,0,0,0
'08534,0,0,0,0,0,0,0,0,0,0,0,0,0
'08876,0,0,0,0,0,0,0,0,0,0,0,0,0
'08822,0,0,0,0,0,0,0,0,0,0,0,0,0
'08807,0,0,0,0,0,0,0,0,0,0,0,0,0
'07081,0,0,0,0,0,0,0,0,0,0,0,0,0
'10016,0,0,0,0,0,0,0,0,0,0,0,0,0
'07090,0,0,0,0,0,0,0,0,0,0,0,0,0
'18051,0,0,0,0,0,0,0,0,0,0,0,0,0
'07960,0,0,0,0,0,0,0,0,0,0,0,0,0
'07920,0,0,0,0,0,0,0,0,0,0,0,0,0
'60611,0,0,0,0,0,0,0,0,0,0,0,0,0
'19063,0,0,0,0,0,0,0,0,0,0,0,0,0
'10954,0,0,0,0,0,0,0,0,0,0,0,0,0
'08889,0,0,0,0,0,0,0,0,0,0,0,0,0
'08801,0,0,0,0,0,0,0,0,0,0,0,0,0
'10583,0,0,0,0,0,0,0,0,0,0,0,0,0
'07922,0,0,0,0,0,0,0,0,0,0,0,0,0
'08801,0,0,0,0,0,0,0,0,0,0,0,0,0
'07059,0,0,0,0,0,0,0,0,0,0,0,0,0
'18947,0,0,0,0,0,0,0,0,0,0,0,0,0
'19446,0,0,0,0,0,0,0,0,0,0,0,0,0
'08619,0,0,0,0,0,0,0,0,0,0,0,0,0
'07457,0,0,0,0,0,0,0,0,0,0,0,0,0
'07840,0,0,0,0,0,0,0,0,0,0,0,0,0
'08833,0,0,0,0,0,0,0,0,0,0,0,0,0
'08551,0,0,0,0,0,0,0,0,0,0,0,0,0
'07204,0,0,0,0,0,0,0,0,0,0,0,0,0
'07016,0,0,0,0,0,0,0,0,0,0,0,0,0
'18103,0,0,0,0,0,0,0,0,0,0,0,0,0
'08822,0,0,0,0,0,0,0,0,0,0,0,0,0
'18901,0,0,0,0,0,0,0,0,0,0,0,0,0
'07920,0,0,0,0,0,0,0,0,0,0,0,0,0
'19468,0,0,0,0,0,0,0,0,0,0,0,0,0
'07882,0,0,0,0,0,0,0,0,0,0,0,0,0
'18017,0,0,0,0,0,0,0,0,0,0,0,0,0
'18966,0,0,0,0,0,0,0,0,0,0,0,0,0
'07016,0,0,0,0,0,0,0,0,0,0,0,0,0
'08801,0,0,0,0,0,0,0,0,0,0,0,0,0
'07065,0,0,0,0,0,0,0,0,0,0,0,0,0
'18914,0,0,0,0,0,0,0,0,0,0,0,0,0
'18020,0,0,0,0,0,0,0,0,0,0,0,0,0
'10033,0,0,0,0,0,0,0,0,0,0,0,0,0
'07950,0,0,0,0,0,0,0,0,0,0,0,0,0
'08534,0,0,0,0,0,0,0,0,0,0,0,0,0
'18976,0,0,0,0,0,0,0,0,0,0,0,0,0
'07920,0,0,0,0,0,0,0,0,0,0,0,0,0
'19355,0,0,0,0,0,0,0,0,0,0,0,0,0
'08816,0,0,0,0,0,0,0,0,0,0,0,0,0
'18015,0,0,0,0,0,0,0,0,0,0,0,0,0
'08502,0,0,0,0,0,0,0,0,0,0,0,0,0
'07950,0,0,0,0,0,0,0,0,0,0,0,0,0
'20854,0,0,0,0,0,0,0,0,0,0,0,0,0
'07076,0,0,0,0,0,0,0,0,0,0,0,0,0
'07076,0,0,0,0,0,0,0,0,0,0,0,0,0
'18951,0,0,0,0,0,0,0,0,0,0,0,0,0
'08853,0,0,0,0,0,0,0,0,0,0,0,0,0
'19446,0,0,0,0,0,0,0,0,0,0,0,0,0
'07724,0,0,0,0,0,0,0,0,0,0,0,0,0
'07733,0,0,0,0,0,0,0,0,0,0,0,0,0
'07735,0,0,0,0,0,0,0,0,0,0,0,0,0
'07853,0,0,0,0,0,0,0,0,0,0,0,0,0
'07083,0,0,0,0,0,0,0,0,0,0,0,0,0
'08854,0,0,0,0,0,0,0,0,0,0,0,0,0
'08826,0,0,0,0,0,0,0,0,0,0,0,0,0
'08833,0,0,0,0,0,0,0,0,0,0,0,0,0
'08822,0,0,0,0,0,0,0,0,0,0,0,0,0
'07920,0,0,0,0,0,0,0,0,0,0,0,0,0
'18938,0,0,0,0,0,0,0,0,0,0,0,0,0
'28211,0,0,0,0,0,0,0,0,0,0,0,0,0
'07046,0,0,0,0,0,0,0,0,0,0,0,0,0
'08848,0,0,0,0,0,0,0,0,0,0,0,0,0
'08876,0,0,0,0,0,0,0,0,0,0,0,0,0
'18020,0,0,0,0,0,0,0,0,0,0,0,0,0
'07059,0,0,0,0,0,0,0,0,0,0,0,0,0
'01104,0,0,0,0,0,0,0,0,0,0,0,0,0
'08876,0,0,0,0,0,0,0,0,0,0,0,0,0
'08551,0,0,0,0,0,0,0,0,0,0,0,0,0
'10280,0,0,0,0,0,0,0,0,0,0,0,0,0
'08873,0,0,0,0,0,0,0,0,0,0,0,0,0
'08802,0,0,0,0,0,0,0,0,0,0,0,0,0
'18940,0,0,0,0,0,0,0,0,0,0,0,0,0
'07204,0,0,0,0,0,0,0,0,0,0,0,0,0
'07302,0,0,0,0,0,0,0,0,0,0,0,0,0
'07076,0,0,0,0,0,0,0,0,0,0,0,0,0
'07062,0,0,0,0,0,0,0,0,0,0,0,0,0
'18106,0,0,0,0,0,0,0,0,0,0,0,0,0
'08873,0,0,0,0,0,0,0,0,0,0,0,0,0
'07828,0,0,0,0,0,0,0,0,0,0,0,0,0
'08807,0,0,0,0,0,0,0,0,0,0,0,0,0
'08844,0,0,0,0,0,0,0,0,0,0,0,0,0
'07834,0,0,0,0,0,0,0,0,0,0,0,0,0
'08540,0,0,0,0,0,0,0,0,0,0,0,0,0
'18042,0,0,0,0,0,0,0,0,0,0,0,0,0
'08822,0,0,0,0,0,0,0,0,0,0,0,0,0
'08840,0,0,0,0,0,0,0,0,0,0,0,0,0
'07083,0,0,0,0,0,0,0,0,0,0,0,0,0
'18947,0,0,0,0,0,0,0,0,0,0,0,0,0
'07208,0,0,0,0,0,0,0,0,0,0,0,0,0
'18902,0,0,0,0,0,0,0,0,0,0,0,0,0
'08822,0,0,0,0,0,0,0,0,0,0,0,0,0
'18944,0,0,0,0,0,0,0,0,0,0,0,0,0
'08889,0,0,0,0,0,0,0,0,0,0,0,0,0
'08886,0,0,0,0,0,0,0,0,0,0,0,0,0
'07974,0,0,0,0,0,0,0,0,0,0,0,0,0
'08530,0,0,0,0,0,0,0,0,0,0,0,0,0
'08807,0,0,0,0,0,0,0,0,0,0,0,0,0
'08812,0,0,0,0,0,0,0,0,0,0,0,0,0
'07023,0,0,0,0,0,0,0,0,0,0,0,0,0
'07652,0,0,0,0,0,0,0,0,0,0,0,0,0
'07093,0,0,0,0,0,0,0,0,0,0,0,0,0
'08802,0,0,0,0,0,0,0,0,0,0,0,0,0
'08801,0,0,0,0,0,0,0,0,0,0,0,0,0
'07920,0,0,0,0,0,0,0,0,0,0,0,0,0
'18045,0,0,0,0,0,0,0,0,0,0,0,0,0
'07901,0,0,0,0,0,0,0,0,0,0,0,0,0
'07059,0,0,0,0,0,0,0,0,0,0,0,0,0
'07748,0,0,0,0,0,0,0,0,0,0,0,0,0
'08550,0,0,0,0,0,0,0,0,0,0,0,0,0
'08807,0,0,0,0,0,0,0,0,0,0,0,0,0
'08801,0,0,0,0,0,0,0,0,0,0,0,0,0
'07869,0,0,0,0,0,0,0,0,0,0,0,0,0
'08876,0,0,0,0,0,0,0,0,0,0,0,0,0
'07866,0,0,0,0,0,0,0,0,0,0,0,0,0
'07076,0,0,0,0,0,0,0,0,0,0,0,0,0
'08876,0,0,0,0,0,0,0,0,0,0,0,0,0
'19426,0,0,0,0,0,0,0,0,0,0,0,0,0
'07722,0,0,0,0,0,0,0,0,0,0,0,0,0
'07206,0,0,0,0,0,0,0,0,0,0,0,0,0
'07836,0,0,0,0,0,0,0,0,0,0,0,0,0
'08540,0,0,0,0,0,0,0,0,0,0,0,0,0
'07728,0,0,0,0,0,0,0,0,0,0,0,0,0
'07901,0,0,0,0,0,0,0,0,0,0,0,0,0
'08844,0,0,0,0,0,0,0,0,0,0,0,0,0
'07960,0,0,0,0,0,0,0,0,0,0,0,0,0
'07067,0,0,0,0,0,0,0,0,0,0,0,0,0
'08520,0,0,0,0,0,0,0,0,0,0,0,0,0
'08807,0,0,0,0,0,0,0,0,0,0,0,0,0
'19446,0,0,0,0,0,0,0,0,0,0,0,0,0
'07069,0,0,0,0,0,0,0,0,0,0,0,0,0
'07920,0,0,0,0,0,0,0,0,0,0,0,0,0
'07030,0,0,0,0,0,0,0,0,0,0,0,0,0
'08802,0,0,0,0,0,0,0,0,0,0,0,0,0
'18020,0,0,0,0,0,0,0,0,0,0,0,0,0
'08844,0,0,0,0,0,0,0,0,0,0,0,0,0
'08831,0,0,0,0,0,0,0,0,0,0,0,0,0
'08536,0,0,0,0,0,0,0,0,0,0,0,0,0
'07480,0,0,0,0,0,0,0,0,0,0,0,0,0
'07932,0,0,0,0,0,0,0,0,0,0,0,0,0
'08833,0,0,0,0,0,0,0,0,0,0,0,0,0
'10312,0,0,0,0,0,0,0,0,0,0,0,0,0
'18020,0,0,0,0,0,0,0,0,0,0,0,0,0
'08648,0,0,0,0,0,0,0,0,0,0,0,0,0
'07901,0,0,0,0,0,0,0,0,0,0,0,0,0
'19446,0,0,0,0,0,0,0,0,0,0,0,0,0
'07018,0,0,0,0,0,0,0,0,0,0,0,0,0
'07945,0,0,0,0,0,0,0,0,0,0,0,0,0
'07823,0,0,0,0,0,0,0,0,0,0,0,0,0
'07926,0,0,0,0,0,0,0,0,0,0,0,0,0
'08831,0,0,0,0,0,0,0,0,0,0,0,0,0
'07030,0,0,0,0,0,0,0,0,0,0,0,0,0
'08902,0,0,0,0,0,0,0,0,0,0,0,0,0
'18963,0,0,0,0,0,0,0,0,0,0,0,0,0
'07825,0,0,0,0,0,0,0,0,0,0,0,0,0
'07076,0,0,0,0,0,0,0,0,0,0,0,0,0
'19426,0,0,0,0,0,0,0,0,0,0,0,0,0
'18902,0,0,0,0,0,0,0,0,0,0,0,0,0
'08822,0,0,0,0,0,0,0,0,0,0,0,0,0
'18902,0,0,0,0,0,0,0,0,0,0,0,0,0
'08876,0,0,0,0,0,0,0,0,0,0,0,0,0
'08886,0,0,0,0,0,0,0,0,0,0,0,0,0
'08722,0,0,0,0,0,0,0,0,0,0,0,0,0
'08873,0,0,0,0,0,0,0,0,0,0,0,0,0
'08833,0,0,0,0,0,0,0,0,0,0,0,0,0
'07871,0,0,0,0,0,0,0,0,0,0,0,0,0
'07066,0,0,0,0,0,0,0,0,0,0,0,0,0
'10977,0,0,0,0,0,0,0,0,0,0,0,0,0
'07830,0,0,0,0,0,0,0,0,0,0,0,0,0
'08724,0,0,0,0,0,0,0,0,0,0,0,0,0
'08827,0,0,0,0,0,0,0,0,0,0,0,0,0
'07030,0,0,0,0,0,0,0,0,0,0,0,0,0
'07470,0,0,0,0,0,0,0,0,0,0,0,0,0
'08844,0,0,0,0,0,0,0,0,0,0,0,0,0
'07481,0,0,0,0,0,0,0,0,0,0,0,0,0
'08807,0,0,0,0,0,0,0,0,0,0,0,0,0
'08046,0,0,0,0,0,0,0,0,0,0,0,0,0
'08857,0,0,0,0,0,0,0,0,0,0,0,0,0
'07302,0,0,0,0,0,0,0,0,0,0,0,0,0
'08826,0,0,0,0,0,0,0,0,0,0,0,0,0
'02043,0,0,0,0,0,0,0,0,0,0,0,0,0
'07030,0,0,0,0,0,0,0,0,0,0,0,0,0
'18902,0,0,0,0,0,0,0,0,0,0,0,0,0
'07922,0,0,0,0,0,0,0,0,0,0,0,0,0
'07405,0,0,0,0,0,0,0,0,0,0,0,0,0
'08822,0,0,0,0,0,0,0,0,0,0,0,0,0
'10924,0,0,0,0,0,0,0,0,0,0,0,0,0
'07040,0,0,0,0,0,0,0,0,0,0,0,0,0
'08826,0,0,0,0,0,0,0,0,0,0,0,0,0
'07078,0,0,0,0,0,0,0,0,0,0,0,0,0
'18077,0,0,0,0,0,0,0,0,0,0,0,0,0
'07036,0,0,0,0,0,0,0,0,0,0,0,0,0
'07067,0,0,0,0,0,0,0,0,0,0,0,0,0
'18042,0,0,0,0,0,0,0,0,0,0,0,0,0
'08854,0,0,0,0,0,0,0,0,0,0,0,0,0
'08753,0,0,0,0,0,0,0,0,0,0,0,0,0
'08876,0,0,0,0,0,0,0,0,0,0,0,0,0
'08865,0,0,0,0,0,0,0,0,0,0,0,0,0
'07016,0,0,0,0,0,0,0,0,0,0,0,0,0
'19087,0,0,0,0,0,0,0,0,0,0,0,0,0
'07028,0,0,0,0,0,0,0,0,0,0,0,0,0
'07027,0,0,0,0,0,0,0,0,0,0,0,0,0
'07920,0,0,0,0,0,0,0,0,0,0,0,0,0
'19422,0,0,0,0,0,0,0,0,0,0,0,0,0
'07930,0,0,0,0,0,0,0,0,0,0,0,0,0
'02908,0,0,0,0,0,0,0,0,0,0,0,0,0
'08844,0,0,0,0,0,0,0,0,0,0,0,0,0
'19446,0,0,0,0,0,0,0,0,0,0,0,0,0
'07830,0,0,0,0,0,0,0,0,0,0,0,0,0
'08822,0,0,0,0,0,0,0,0,0,0,0,0,0
'08822,0,0,0,0,0,0,0,0,0,0,0,0,0
'07830,0,0,0,0,0,0,0,0,0,0,0,0,0
'07083,0,0,0,0,0,0,0,0,0,0,0,0,0
'08751,0,0,0,0,0,0,0,0,0,0,0,0,0
'08560,0,0,0,0,0,0,0,0,0,0,0,0,0
'75230,0,0,0,0,0,0,0,0,0,0,0,0,0
'18055,0,0,0,0,0,0,0,0,0,0,0,0,0
'80129,0,0,0,0,0,0,0,0,0,0,0,0,0
'08809,0,0,0,0,0,0,0,0,0,0,0,0,0
'92106,0,0,0,0,0,0,0,0,0,0,0,0,0
'44026,0,0,0,0,0,0,0,0,0,0,0,0,0
'08901,0,0,0,0,0,0,0,0,0,0,0,0,0
'08861,0,0,0,0,0,0,0,0,0,0,0,0,0
'18901,0,0,0,0,0,0,0,0,0,0,0,0,0
'08534,0,0,0,0,0,0,0,0,0,0,0,0,0
'08848,0,0,0,0,0,0,0,0,0,0,0,0,0
'08889,0,0,0,0,0,0,0,0,0,0,0,0,0
'08820,0,0,0,0,0,0,0,0,0,0,0,0,0
'08873,0,0,0,0,0,0,0,0,0,0,0,0,0
'92708,0,0,0,0,0,0,0,0,0,0,0,0,0
'08857,0,0,0,0,0,0,0,0,0,0,0,0,0
'18940,0,0,0,0,0,0,0,0,0,0,0,0,0
'07030,0,0,0,0,0,0,0,0,0,0,0,0,0
'07950,0,0,0,0,0,0,0,0,0,0,0,0,0
'07083,0,0,0,0,0,0,0,0,0,0,0,0,0
'08861,0,0,0,0,0,0,0,0,0,0,0,0,0
'07302,0,0,0,0,0,0,0,0,0,0,0,0,0
'07040,0,0,0,0,0,0,0,0,0,0,0,0,0
'08558,0,0,0,0,0,0,0,0,0,0,0,0,0
'08889,0,0,0,0,0,0,0,0,0,0,0,0,0
'18343,0,0,0,0,0,0,0,0,0,0,0,0,0
'08530,0,0,0,0,0,0,0,0,0,0,0,0,0
'08807,0,0,0,0,0,0,0,0,0,0,0,0,0
'18951,0,0,0,0,0,0,0,0,0,0,0,0,0
'08809,0,0,0,0,0,0,0,0,0,0,0,0,0
'07663,0,0,0,0,0,0,0,0,0,0,0,0,0
'18930,0,0,0,0,0,0,0,0,0,0,0,0,0
'08551,0,0,0,0,0,0,0,0,0,0,0,0,0
'07302,0,0,0,0,0,0,0,0,0,0,0,0,0
'19438,0,0,0,0,0,0,0,0,0,0,0,0,0
'10597,0,0,0,0,0,0,0,0,0,0,0,0,0
'07882,0,0,0,0,0,0,0,0,0,0,0,0,0
'07747,0,0,0,0,0,0,0,0,0,0,0,0,0
'08822,0,0,0,0,0,0,0,0,0,0,0,0,0
'08865,0,0,0,0,0,0,0,0,0,0,0,0,0
'08835,0,0,0,0,0,0,0,0,0,0,0,0,0
'08867,0,0,0,0,0,0,0,0,0,0,0,0,0
'07840,0,0,0,0,0,0,0,0,0,0,0,0,0
'07836,0,0,0,0,0,0,0,0,0,0,0,0,0
'08884,0,0,0,0,0,0,0,0,0,0,0,0,0
'07090,0,0,0,0,0,0,0,0,0,0,0,0,0
'46060,0,0,0,0,0,0,0,0,0,0,0,0,0
'08873,0,0,0,0,0,0,0,0,0,0,0,0,0
'07082,0,0,0,0,0,0,0,0,0,0,0,0,0
'07733,0,0,0,0,0,0,0,0,0,0,0,0,0
'18015,0,0,0,0,0,0,0,0,0,0,0,0,0
'07921,0,0,0,0,0,0,0,0,0,0,0,0,0
'08822,0,0,0,0,0,0,0,0,0,0,0,0,0
'18901,0,0,0,0,0,0,0,0,0,0,0,0,0
'10019,0,0,0,0,0,0,0,0,0,0,0,0,0
'08802,0,0,0,0,0,0,0,0,0,0,0,0,0
'08889,0,0,0,0,0,0,0,0,0,0,0,0,0
'08809,0,0,0,0,0,0,0,0,0,0,0,0,0
'19103,0,0,0,0,0,0,0,0,0,0,0,0,0
'18914,0,0,0,0,0,0,0,0,0,0,0,0,0
'07928,0,0,0,0,0,0,0,0,0,0,0,0,0
'08876,0,0,0,0,0,0,0,0,0,0,0,0,0
'07060,0,0,0,0,0,0,0,0,0,0,0,0,0
'08844,0,0,0,0,0,0,0,0,0,0,0,0,0
'07701,0,0,0,0,0,0,0,0,0,0,0,0,0
'07834,0,0,0,0,0,0,0,0,0,0,0,0,0
'07932,0,0,0,0,0,0,0,0,0,0,0,0,0
'07882,0,0,0,0,0,0,0,0,0,0,0,0,0
'08502,0,0,0,0,0,0,0,0,0,0,0,0,0
'07047,0,0,0,0,0,0,0,0,0,0,0,0,0
'08876,0,0,0,0,0,0,0,0,0,0,0,0,0
'18013,0,0,0,0,0,0,0,0,0,0,0,0,0
'08844,0,0,0,0,0,0,0,0,0,0,0,0,0
'08820,0,0,0,0,0,0,0,0,0,0,0,0,0
'07747,0,0,0,0,0,0,0,0,0,0,0,0,0
'08886,0,0,0,0,0,0,0,0,0,0,0,0,0
'18902,0,0,0,0,0,0,0,0,0,0,0,0,0
'07830,0,0,0,0,0,0,0,0,0,0,0,0,0
'08844,0,0,0,0,0,0,0,0,0,0,0,0,0
'07030,0,0,0,0,0,0,0,0,0,0,0,0,0
'18051,0,0,0,0,0,0,0,0,0,0,0,0,0
'07921,0,0,0,0,0,0,0,0,0,0,0,0,0
'08822,0,0,0,0,0,0,0,0,0,0,0,0,0
'08807,0,0,0,0,0,0,0,0,0,0,0,0,0
'08807,0,0,0,0,0,0,0,0,0,0,0,0,0
'08691,0,0,0,0,0,0,0,0,0,0,0,0,0
'08802,0,0,0,0,0,0,0,0,0,0,0,0,0
'08807,0,0,0,0,0,0,0,0,0,0,0,0,0
'07090,0,0,0,0,0,0,0,0,0,0,0,0,0
'08848,0,0,0,0,0,0,0,0,0,0,0,0,0
'19001,0,0,0,0,0,0,0,0,0,0,0,0,0
'07432,0,0,0,0,0,0,0,0,0,0,0,0,0
'18938,0,0,0,0,0,0,0,0,0,0,0,0,0
'07304,0,0,0,0,0,0,0,0,0,0,0,0,0
'08802,0,0,0,0,0,0,0,0,0,0,0,0,0
'07825,0,0,0,0,0,0,0,0,0,0,0,0,0
'08801,0,0,0,0,0,0,0,0,0,0,0,0,0
'08825,0,0,0,0,0,0,0,0,0,0,0,0,0
'07083,0,0,0,0,0,0,0,0,0,0,0,0,0
'07205,0,0,0,0,0,0,0,0,0,0,0,0,0
'08886,0,0,0,0,0,0,0,0,0,0,0,0,0
'08829,0,0,0,0,0,0,0,0,0,0,0,0,0
'08817,0,0,0,0,0,0,0,0,0,0,0,0,0
'18040,0,0,0,0,0,0,0,0,0,0,0,0,0
'07030,0,0,0,0,0,0,0,0,0,0,0,0,0
'08844,0,0,0,0,0,0,0,0,0,0,0,0,0
'08502,0,0,0,0,0,0,0,0,0,0,0,0,0
'07980,0,0,0,0,0,0,0,0,0,0,0,0,0
'08525,0,0,0,0,0,0,0,0,0,0,0,0,0
'08876,0,0,0,0,0,0,0,0,0,0,0,0,0
'18901,0,0,0,0,0,0,0,0,0,0,0,0,0
'08807,0,0,0,0,0,0,0,0,0,0,0,0,0
'07081,0,0,0,0,0,0,0,0,0,0,0,0,0
'08520,0,0,0,0,0,0,0,0,0,0,0,0,0
'07076,0,0,0,0,0,0,0,0,0,0,0,0,0
'07931,0,0,0,0,0,0,0,0,0,0,0,0,0
'07083,0,0,0,0,0,0,0,0,0,0,0,0,0
'08807,0,0,0,0,0,0,0,0,0,0,0,0,0
'07081,0,0,0,0,0,0,0,0,0,0,0,0,0
'19403,0,0,0,0,0,0,0,0,0,0,0,0,0
'07830,0,0,0,0,0,0,0,0,0,0,0,0,0
'08869,0,0,0,0,0,0,0,0,0,0,0,0,0
'08822,0,0,0,0,0,0,0,0,0,0,0,0,0
'08822,0,0,0,0,0,0,0,0,0,0,0,0,0
'07083,0,0,0,0,0,0,0,0,0,0,0,0,0
'18972,0,0,0,0,0,0,0,0,0,0,0,0,0
'19103,0,0,0,0,0,0,0,0,0,0,0,0,0
'08844,0,0,0,0,0,0,0,0,0,0,0,0,0
'07737,0,0,0,0,0,0,0,0,0,0,0,0,0
'08844,0,0,0,0,0,0,0,0,0,0,0,0,0
'18020,0,0,0,0,0,0,0,0,0,0,0,0,0
'10028,0,0,0,0,0,0,0,0,0,0,0,0,0
'08822,0,0,0,0,0,0,0,0,0,0,0,0,0
'08822,0,0,0,0,0,0,0,0,0,0,0,0,0
'08833,0,0,0,0,0,0,0,0,0,0,0,0,0
'19446,0,0,0,0,0,0,0,0,0,0,0,0,0
'19438,0,0,0,0,0,0,0,0,0,0,0,0,0
'07928,0,0,0,0,0,0,0,0,0,0,0,0,0
'98117,0,0,0,0,0,0,0,0,0,0,0,0,0
'18902,0,0,0,0,0,0,0,0,0,0,0,0,0
'08863,0,0,0,0,0,0,0,0,0,0,0,0,0
'07059,0,0,0,0,0,0,0,0,0,0,0,0,0
'08550,0,0,0,0,0,0,0,0,0,0,0,0,0
'08886,0,0,0,0,0,0,0,0,0,0,0,0,0
'08088,0,0,0,0,0,0,0,0,0,0,0,0,0
'07436,0,0,0,0,0,0,0,0,0,0,0,0,0
'18018,0,0,0,0,0,0,0,0,0,0,0,0,0
'19403,0,0,0,0,0,0,0,0,0,0,0,0,0
'07078,0,0,0,0,0,0,0,0,0,0,0,0,0
'07305,0,0,0,0,0,0,0,0,0,0,0,0,0
'07924,0,0,0,0,0,0,0,0,0,0,0,0,0
'08886,0,0,0,0,0,0,0,0,0,0,0,0,0
'08812,0,0,0,0,0,0,0,0,0,0,0,0,0
'08816,0,0,0,0,0,0,0,0,0,0,0,0,0
'08812,0,0,0,0,0,0,0,0,0,0,0,0,0
'07675,0,0,0,0,0,0,0,0,0,0,0,0,0
'07066,0,0,0,0,0,0,0,0,0,0,0,0,0
'07066,0,0,0,0,0,0,0,0,0,0,0,0,0
'08846,0,0,0,0,0,0,0,0,0,0,0,0,0
'08844,0,0,0,0,0,0,0,0,0,0,0,0,0
'07834,0,0,0,0,0,0,0,0,0,0,0,0,0
'08902,0,0,0,0,0,0,0,0,0,0,0,0,0
'07901,0,0,0,0,0,0,0,0,0,0,0,0,0
'07444,0,0,0,0,0,0,0,0,0,0,0,0,0
'18045,0,0,0,0,0,0,0,0,0,0,0,0,0
'08889,0,0,0,0,0,0,0,0,0,0,0,0,0
'18901,0,0,0,0,0,0,0,0,0,0,0,0,0
'19446,0,0,0,0,0,0,0,0,0,0,0,0,0
'08016,0,0,0,0,0,0,0,0,0,0,0,0,0
'18015,0,0,0,0,0,0,0,0,0,0,0,0,0
'07030,0,0,0,0,0,0,0,0,0,0,0,0,0
'18902,0,0,0,0,0,0,0,0,0,0,0,0,0
'08836,0,0,0,0,0,0,0,0,0,0,0,0,0
'10024,0,0,0,0,0,0,0,0,0,0,0,0,0
'07090,0,0,0,0,0,0,0,0,0,0,0,0,0
'07206,0,0,0,0,0,0,0,0,0,0,0,0,0
'08886,0,0,0,0,0,0,0,0,0,0,0,0,0
'18902,0,0,0,0,0,0,0,0,0,0,0,0,0
'33624,0,0,0,0,0,0,0,0,0,0,0,0,0
'07204,0,0,0,0,0,0,0,0,0,0,0,0,0
'07901,0,0,0,0,0,0,0,0,0,0,0,0,0
'19118,0,0,0,0,0,0,0,0,0,0,0,0,0
'08801,0,0,0,0,0,0,0,0,0,0,0,0,0
'08889,0,0,0,0,0,0,0,0,0,0,0,0,0
'07932,0,0,0,0,0,0,0,0,0,0,0,0,0
'07856,0,0,0,0,0,0,0,0,0,0,0,0,0
'08807,0,0,0,0,0,0,0,0,0,0,0,0,0
'18901,0,0,0,0,0,0,0,0,0,0,0,0,0
'19125,0,0,0,0,0,0,0,0,0,0,0,0,0
'08844,0,0,0,0,0,0,0,0,0,0,0,0,0
'08801,0,0,0,0,0,0,0,0,0,0,0,0,0
'07030,0,0,0,0,0,0,0,0,0,0,0,0,0
'07920,0,0,0,0,0,0,0,0,0,0,0,0,0
'07036,0,0,0,0,0,0,0,0,0,0,0,0,0
'07302,0,0,0,0,0,0,0,0,0,0,0,0,0
'07945,0,0,0,0,0,0,0,0,0,0,0,0,0
'18064,0,0,0,0,0,0,0,0,0,0,0,0,0
'15927,0,0,0,0,0,0,0,0,0,0,0,0,0
'08530,0,0,0,0,0,0,0,0,0,0,0,0,0
'08530,0,0,0,0,0,0,0,0,0,0,0,0,0
'08863,0,0,0,0,0,0,0,0,0,0,0,0,0
'08505,0,0,0,0,0,0,0,0,0,0,0,0,0
'08822,0,0,0,0,0,0,0,0,0,0,0,0,0
'10708,0,0,0,0,0,0,0,0,0,0,0,0,0
'19067,0,0,0,0,0,0,0,0,0,0,0,0,0
'08865,0,0,0,0,0,0,0,0,0,0,0,0,0
'08540,0,0,0,0,0,0,0,0,0,0,0,0,0
'08865,0,0,0,0,0,0,0,0,0,0,0,0,0
'07739,0,0,0,0,0,0,0,0,0,0,0,0,0
'08502,0,0,0,0,0,0,0,0,0,0,0,0,0
'07748,0,0,0,0,0,0,0,0,0,0,0,0,0
'08844,0,0,0,0,0,0,0,0,0,0,0,0,0
'07920,0,0,0,0,0,0,0,0,0,0,0,0,0
'04072,0,0,0,0,0,0,0,0,0,0,0,0,0
'08826,0,0,0,0,0,0,0,0,0,0,0,0,0
'08844,0,0,0,0,0,0,0,0,0,0,0,0,0
'18951,0,0,0,0,0,0,0,0,0,0,0,0,0
'14221,0,0,0,0,0,0,0,0,0,0,0,0,0
'07090,0,0,0,0,0,0,0,0,0,0,0,0,0
'08889,0,0,0,0,0,0,0,0,0,0,0,0,0
'07675,0,0,0,0,0,0,0,0,0,0,0,0,0
'07039,0,0,0,0,0,0,0,0,0,0,0,0,0
'18901,0,0,0,0,0,0,0,0,0,0,0,0,0
'07722,0,0,0,0,0,0,0,0,0,0,0,0,0
'07946,0,0,0,0,0,0,0,0,0,0,0,0,0
'07960,0,0,0,0,0,0,0,0,0,0,0,0,0
'08886,0,0,0,0,0,0,0,0,0,0,0,0,0
'19460,0,0,0,0,0,0,0,0,0,0,0,0,0
'08873,0,0,0,0,0,0,0,0,0,0,0,0,0
'08831,0,0,0,0,0,0,0,0,0,0,0,0,0
'08820,0,0,0,0,0,0,0,0,0,0,0,0,0
'19426,0,0,0,0,0,0,0,0,0,0,0,0,0
'08061,0,0,0,0,0,0,0,0,0,0,0,0,0
'08837,0,0,0,0,0,0,0,0,0,0,0,0,0
'19426,0,0,0,0,0,0,0,0,0,0,0,0,0
'18901,0,0,0,0,0,0,0,0,0,0,0,0,0
'27587,0,0,0,0,0,0,0,0,0,0,0,0,0
'08889,0,0,0,0,0,0,0,0,0,0,0,0,0
'19031,0,0,0,0,0,0,0,0,0,0,0,0,0
'08807,0,0,0,0,0,0,0,0,0,0,0,0,0
'07960,0,0,0,0,0,0,0,0,0,0,0,0,0
'19090,0,0,0,0,0,0,0,0,0,0,0,0,0
'14534,0,0,0,0,0,0,0,0,0,0,0,0,0
'07920,0,0,0,0,0,0,0,0,0,0,0,0,0
'07960,0,0,0,0,0,0,0,0,0,0,0,0,0
'08809,0,0,0,0,0,0,0,0,0,0,0,0,0
'19119,0,0,0,0,0,0,0,0,0,0,0,0,0
'08854,0,0,0,0,0,0,0,0,0,0,0,0,0
'08801,0,0,0,0,0,0,0,0,0,0,0,0,0
'07203,0,0,0,0,0,0,0,0,0,0,0,0,0
'18977,0,0,0,0,0,0,0,0,0,0,0,0,0
'07920,0,0,0,0,0,0,0,0,0,0,0,0,0
'08876,0,0,0,0,0,0,0,0,0,0,0,0,0
'07731,0,0,0,0,0,0,0,0,0,0,0,0,0
'07932,0,0,0,0,0,0,0,0,0,0,0,0,0
'07090,0,0,0,0,0,0,0,0,0,0,0,0,0
'08824,0,0,0,0,0,0,0,0,0,0,0,0,0
'07751,0,0,0,0,0,0,0,0,0,0,0,0,0
'07095,0,0,0,0,0,0,0,0,0,0,0,0,0
'07030,0,0,0,0,0,0,0,0,0,0,0,0,0
'18902,0,0,0,0,0,0,0,0,0,0,0,0,0
'08876,0,0,0,0,0,0,0,0,0,0,0,0,0
'08873,0,0,0,0,0,0,0,0,0,0,0,0,0
'19446,0,0,0,0,0,0,0,0,0,0,0,0,0
'18045,0,0,0,0,0,0,0,0,0,0,0,0,0
'08540,0,0,0,0,0,0,0,0,0,0,0,0,0
'08880,0,0,0,0,0,0,0,0,0,0,0,0,0
'08857,0,0,0,0,0,0,0,0,0,0,0,0,0
'08889,0,0,0,0,0,0,0,0,0,0,0,0,0
'08801,0,0,0,0,0,0,0,0,0,0,0,0,0
'08559,0,0,0,0,0,0,0,0,0,0,0,0,0
'18940,0,0,0,0,0,0,0,0,0,0,0,0,0
'08889,0,0,0,0,0,0,0,0,0,0,0,0,0
'18902,0,0,0,0,0,0,0,0,0,0,0,0,0
'07092,0,0,0,0,0,0,0,0,0,0,0,0,0
'08690,0,0,0,0,0,0,0,0,0,0,0,0,0
'08530,0,0,0,0,0,0,0,0,0,0,0,0,0
'08060,0,0,0,0,0,0,0,0,0,0,0,0,0
'07307,0,0,0,0,0,0,0,0,0,0,0,0,0
'18929,0,0,0,0,0,0,0,0,0,0,0,0,0
'07945,0,0,0,0,0,0,0,0,0,0,0,0,0
'19446,0,0,0,0,0,0,0,0,0,0,0,0,0
'07076,0,0,0,0,0,0,0,0,0,0,0,0,0
'07882,0,0,0,0,0,0,0,0,0,0,0,0,0
'07920,0,0,0,0,0,0,0,0,0,0,0,0,0
'08889,0,0,0,0,0,0,0,0,0,0,0,0,0
'08889,0,0,0,0,0,0,0,0,0,0,0,0,0
'07960,0,0,0,0,0,0,0,0,0,0,0,0,0
'07036,0,0,0,0,0,0,0,0,0,0,0,0,0
'18045,0,0,0,0,0,0,0,0,0,0,0,0,0
'18947,0,0,0,0,0,0,0,0,0,0,0,0,0
'08889,0,0,0,0,0,0,0,0,0,0,0,0,0
'08062,0,0,0,0,0,0,0,0,0,0,0,0,0
'08822,0,0,0,0,0,0,0,0,0,0,0,0,0
'08619,0,0,0,0,0,0,0,0,0,0,0,0,0
'08540,0,0,0,0,0,0,0,0,0,0,0,0,0
'07922,0,0,0,0,0,0,0,0,0,0,0,0,0
'18902,0,0,0,0,0,0,0,0,0,0,0,0,0
'08559,0,0,0,0,0,0,0,0,0,0,0,0,0
'18088,0,0,0,0,0,0,0,0,0,0,0,0,0
'08807,0,0,0,0,0,0,0,0,0,0,0,0,0
'07722,0,0,0,0,0,0,0,0,0,0,0,0,0
'19444,0,0,0,0,0,0,0,0,0,0,0,0,0
'18020,0,0,0,0,0,0,0,0,0,0,0,0,0
'07076,0,0,0,0,0,0,0,0,0,0,0,0,0
'07005,0,0,0,0,0,0,0,0,0,0,0,0,0
'19473,0,0,0,0,0,0,0,0,0,0,0,0,0
'08873,0,0,0,0,0,0,0,0,0,0,0,0,0
'07920,0,0,0,0,0,0,0,0,0,0,0,0,0
'08867,0,0,0,0,0,0,0,0,0,0,0,0,0
'07060,0,0,0,0,0,0,0,0,0,0,0,0,0
'08865,0,0,0,0,0,0,0,0,0,0,0,0,0
'08844,0,0,0,0,0,0,0,0,0,0,0,0,0
'08889,0,0,0,0,0,0,0,0,0,0,0,0,0
'08510,0,0,0,0,0,0,0,0,0,0,0,0,0
'08742,0,0,0,0,0,0,0,0,0,0,0,0,0
'07733,0,0,0,0,0,0,0,0,0,0,0,0,0
'08865,0,0,0,0,0,0,0,0,0,0,0,0,0
'08827,0,0,0,0,0,0,0,0,0,0,0,0,0
'19446,0,0,0,0,0,0,0,0,0,0,0,0,0
'18930,0,0,0,0,0,0,0,0,0,0,0,0,0
'18045,0,0,0,0,0,0,0,0,0,0,0,0,0
'98052,0,0,0,0,0,0,0,0,0,0,0,0,0
'08822,0,0,0,0,0,0,0,0,0,0,0,0,0
'08831,0,0,0,0,0,0,0,0,0,0,0,0,0
'08833,0,0,0,0,0,0,0,0,0,0,0,0,0
'19454,0,0,0,0,0,0,0,0,0,0,0,0,0
'18092,0,0,0,0,0,0,0,0,0,0,0,0,0
'18040,0,0,0,0,0,0,0,0,0,0,0,0,0
'08889,0,0,0,0,0,0,0,0,0,0,0,0,0
'08869,0,0,0,0,0,0,0,0,0,0,0,0,0
'08876,0,0,0,0,0,0,0,0,0,0,0,0,0
'07843,0,0,0,0,0,0,0,0,0,0,0,0,0
'07946,0,0,0,0,0,0,0,0,0,0,0,0,0
'07090,0,0,0,0,0,0,0,0,0,0,0,0,0
'07059,0,0,0,0,0,0,0,0,0,0,0,0,0
'08807,0,0,0,0,0,0,0,0,0,0,0,0,0
'08867,0,0,0,0,0,0,0,0,0,0,0,0,0
'08854,0,0,0,0,0,0,0,0,0,0,0,0,0
'08869,0,0,0,0,0,0,0,0,0,0,0,0,0
'07832,0,0,0,0,0,0,0,0,0,0,0,0,0
'07840,0,0,0,0,0,0,0,0,0,0,0,0,0
'08886,0,0,0,0,0,0,0,0,0,0,0,0,0
'07853,0,0,0,0,0,0,0,0,0,0,0,0,0
'08802,0,0,0,0,0,0,0,0,0,0,0,0,0
'08820,0,0,0,0,0,0,0,0,0,0,0,0,0
'08518,0,0,0,0,0,0,0,0,0,0,0,0,0
'08886,0,0,0,0,0,0,0,0,0,0,0,0,0
'07078,0,0,0,0,0,0,0,0,0,0,0,0,0
'08809,0,0,0,0,0,0,0,0,0,0,0,0,0
'08825,0,0,0,0,0,0,0,0,0,0,0,0,0
'18040,0,0,0,0,0,0,0,0,0,0,0,0,0
'08840,0,0,0,0,0,0,0,0,0,0,0,0,0
'18015,0,0,0,0,0,0,0,0,0,0,0,0,0
'19067,0,0,0,0,0,0,0,0,0,0,0,0,0
'19087,0,0,0,0,0,0,0,0,0,0,0,0,0
'07095,0,0,0,0,0,0,0,0,0,0,0,0,0
'18020,0,0,0,0,0,0,0,0,0,0,0,0,0
'07080,0,0,0,0,0,0,0,0,0,0,0,0,0
'08889,0,0,0,0,0,0,0,0,0,0,0,0,0
'08826,0,0,0,0,0,0,0,0,0,0,0,0,0
'08822,0,0,0,0,0,0,0,0,0,0,0,0,0
'08827,0,0,0,0,0,0,0,0,0,0,0,0,0
'08869,0,0,0,0,0,0,0,0,0,0,0,0,0
'07078,0,0,0,0,0,0,0,0,0,0,0,0,0
'08848,0,0,0,0,0,0,0,0,0,0,0,0,0
'08046,0,0,0,0,0,0,0,0,0,0,0,0,0
'19426,0,0,0,0,0,0,0,0,0,0,0,0,0
'07060,0,0,0,0,0,0,0,0,0,0,0,0,0
'18901,0,0,0,0,0,0,0,0,0,0,0,0,0
'08817,0,0,0,0,0,0,0,0,0,0,0,0,0
'18914,0,0,0,0,0,0,0,0,0,0,0,0,0
'08858,0,0,0,0,0,0,0,0,0,0,0,0,0
'08904,0,0,0,0,0,0,0,0,0,0,0,0,0
'07033,0,0,0,0,0,0,0,0,0,0,0,0,0
'18901,0,0,0,0,0,0,0,0,0,0,0,0,0
'07920,0,0,0,0,0,0,0,0,0,0,0,0,0
'18930,0,0,0,0,0,0,0,0,0,0,0,0,0
'18040,0,0,0,0,0,0,0,0,0,0,0,0,0
'08889,0,0,0,0,0,0,0,0,0,0,0,0,0
'07417,0,0,0,0,0,0,0,0,0,0,0,0,0
'18938,0,0,0,0,0,0,0,0,0,0,0,0,0
'10312,0,0,0,0,0,0,0,0,0,0,0,0,0
'07005,0,0,0,0,0,0,0,0,0,0,0,0,0
'07079,0,0,0,0,0,0,0,0,0,0,0,0,0
'07090,0,0,0,0,0,0,0,0,0,0,0,0,0
'08530,0,0,0,0,0,0,0,0,0,0,0,0,0
'08889,0,0,0,0,0,0,0,0,0,0,0,0,0
'08559,0,0,0,0,0,0,0,0,0,0,0,0,0
'08822,0,0,0,0,0,0,0,0,0,0,0,0,0
'18064,0,0,0,0,0,0,0,0,0,0,0,0,0
'08876,0,0,0,0,0,0,0,0,0,0,0,0,0
'08886,0,0,0,0,0,0,0,0,0,0,0,0,0
'08816,0,0,0,0,0,0,0,0,0,0,0,0,0
'07045,0,0,0,0,0,0,0,0,0,0,0,0,0
'18901,0,0,0,0,0,0,0,0,0,0,0,0,0
'08889,0,0,0,0,0,0,0,0,0,0,0,0,0
'08889,0,0,0,0,0,0,0,0,0,0,0,0,0
'08551,0,0,0,0,0,0,0,0,0,0,0,0,0
'08853,0,0,0,0,0,0,0,0,0,0,0,0,0
'19020,0,0,0,0,0,0,0,0,0,0,0,0,0
'14608,0,0,0,0,0,0,0,0,0,0,0,0,0
'08827,0,0,0,0,0,0,0,0,0,0,0,0,0
'08844,0,0,0,0,0,0,0,0,0,0,0,0,0
'07901,0,0,0,0,0,0,0,0,0,0,0,0,0
'18040,0,0,0,0,0,0,0,0,0,0,0,0,0
'18015,0,0,0,0,0,0,0,0,0,0,0,0,0
'07834,0,0,0,0,0,0,0,0,0,0,0,0,0
'18015,0,0,0,0,0,0,0,0,0,0,0,0,0
'18902,0,0,0,0,0,0,0,0,0,0,0,0,0
'08010,0,0,0,0,0,0,0,0,0,0,0,0,0
'18040,0,0,0,0,0,0,0,0,0,0,0,0,0
'07062,0,0,0,0,0,0,0,0,0,0,0,0,0
'07960,0,0,0,0,0,0,0,0,0,0,0,0,0
'07607,0,0,0,0,0,0,0,0,0,0,0,0,0
'08502,0,0,0,0,0,0,0,0,0,0,0,0,0
'07940,0,0,0,0,0,0,0,0,0,0,0,0,0
'08889,0,0,0,0,0,0,0,0,0,0,0,0,0
'07031,0,0,0,0,0,0,0,0,0,0,0,0,0
'08861,0,0,0,0,0,0,0,0,0,0,0,0,0
'08886,0,0,0,0,0,0,0,0,0,0,0,0,0
'08876,0,0,0,0,0,0,0,0,0,0,0,0,0
'18301,0,0,0,0,0,0,0,0,0,0,0,0,0
'07006,0,0,0,0,0,0,0,0,0,0,0,0,0
'08559,0,0,0,0,0,0,0,0,0,0,0,0,0
'94005,0,0,0,0,0,0,0,0,0,0,0,0,0
'08825,0,0,0,0,0,0,0,0,0,0,0,0,0
'07920,0,0,0,0,0,0,0,0,0,0,0,0,0
'07040,0,0,0,0,0,0,0,0,0,0,0,0,0
'07083,0,0,0,0,0,0,0,0,0,0,0,0,0
'08836,0,0,0,0,0,0,0,0,0,0,0,0,0
'07924,0,0,0,0,0,0,0,0,0,0,0,0,0
'07901,0,0,0,0,0,0,0,0,0,0,0,0,0
'08833,0,0,0,0,0,0,0,0,0,0,0,0,0
'07726,0,0,0,0,0,0,0,0,0,0,0,0,0
'19454,0,0,0,0,0,0,0,0,0,0,0,0,0
'08889,0,0,0,0,0,0,0,0,0,0,0,0,0
'07961,0,0,0,0,0,0,0,0,0,0,0,0,0
'07039,0,0,0,0,0,0,0,0,0,0,0,0,0
'07840,0,0,0,0,0,0,0,0,0,0,0,0,0
'10014,0,0,0,0,0,0,0,0,0,0,0,0,0
'02459,0,0,0,0,0,0,0,0,0,0,0,0,0
'07079,0,0,0,0,0,0,0,0,0,0,0,0,0
'08551,0,0,0,0,0,0,0,0,0,0,0,0,0
'07090,0,0,0,0,0,0,0,0,0,0,0,0,0
'07960,0,0,0,0,0,0,0,0,0,0,0,0,0
'07076,0,0,0,0,0,0,0,0,0,0,0,0,0
'07065,0,0,0,0,0,0,0,0,0,0,0,0,0
'08833,0,0,0,0,0,0,0,0,0,0,0,0,0
'18976,0,0,0,0,0,0,0,0,0,0,0,0,0
'29926,0,0,0,0,0,0,0,0,0,0,0,0,0
'18902,0,0,0,0,0,0,0,0,0,0,0,0,0
'08648,0,0,0,0,0,0,0,0,0,0,0,0,0
'08824,0,0,0,0,0,0,0,0,0,0,0,0,0
'18901,0,0,0,0,0,0,0,0,0,0,0,0,0
'08812,0,0,0,0,0,0,0,0,0,0,0,0,0
'07921,0,0,0,0,0,0,0,0,0,0,0,0,0
'08833,0,0,0,0,0,0,0,0,0,0,0,0,0
'07083,0,0,0,0,0,0,0,0,0,0,0,0,0
'07627,0,0,0,0,0,0,0,0,0,0,0,0,0
'08822,0,0,0,0,0,0,0,0,0,0,0,0,0
'19067,0,0,0,0,0,0,0,0,0,0,0,0,0
'08829,0,0,0,0,0,0,0,0,0,0,0,0,0
'19444,0,0,0,0,0,0,0,0,0,0,0,0,0
'07920,0,0,0,0,0,0,0,0,0,0,0,0,0
'08510,0,0,0,0,0,0,0,0,0,0,0,0,0
'07924,0,0,0,0,0,0,0,0,0,0,0,0,0
'08822,0,0,0,0,0,0,0,0,0,0,0,0,0
'18042,0,0,0,0,0,0,0,0,0,0,0,0,0
'07016,0,0,0,0,0,0,0,0,0,0,0,0,0
'07204,0,0,0,0,0,0,0,0,0,0,0,0,0
'08551,0,0,0,0,0,0,0,0,0,0,0,0,0
'19064,0,0,0,0,0,0,0,0,0,0,0,0,0
'08807,0,0,0,0,0,0,0,0,0,0,0,0,0
'18902,0,0,0,0,0,0,0,0,0,0,0,0,0
'08876,0,0,0,0,0,0,0,0,0,0,0,0,0
'07030,0,0,0,0,0,0,0,0,0,0,0,0,0
'08551,0,0,0,0,0,0,0,0,0,0,0,0,0
'07076,0,0,0,0,0,0,0,0,0,0,0,0,0
'08638,0,0,0,0,0,0,0,0,0,0,0,0,0
'08801,0,0,0,0,0,0,0,0,0,0,0,0,0
'18045,0,0,0,0,0,0,0,0,0,0,0,0,0
'08809,0,0,0,0,0,0,0,0,0,0,0,0,0
'07701,0,0,0,0,0,0,0,0,0,0,0,0,0
'07457,0,0,0,0,0,0,0,0,0,0,0,0,0
'08854,0,0,0,0,0,0,0,0,0,0,0,0,0
'08062,0,0,0,0,0,0,0,0,0,0,0,0,0
'07746,0,0,0,0,0,0,0,0,0,0,0,0,0
'08551,0,0,0,0,0,0,0,0,0,0,0,0,0
'08902,0,0,0,0,0,0,0,0,0,0,0,0,0
'08865,0,0,0,0,0,0,0,0,0,0,0,0,0
'08889,0,0,0,0,0,0,0,0,0,0,0,0,0
'08889,0,0,0,0,0,0,0,0,0,0,0,0,0
'08822,0,0,0,0,0,0,0,0,0,0,0,0,0
'08836,0,0,0,0,0,0,0,0,0,0,0,0,0
'07801,0,0,0,0,0,0,0,0,0,0,0,0,0
'08865,0,0,0,0,0,0,0,0,0,0,0,0,0
'07302,0,0,0,0,0,0,0,0,0,0,0,0,0
'07081,0,0,0,0,0,0,0,0,0,0,0,0,0
'08876,0,0,0,0,0,0,0,0,0,0,0,0,0
'20148,0,0,0,0,0,0,0,0,0,0,0,0,0
'08876,0,0,0,0,0,0,0,0,0,0,0,0,0
'08880,0,0,0,0,0,0,0,0,0,0,0,0,0
'08802,0,0,0,0,0,0,0,0,0,0,0,0,0
'08889,0,0,0,0,0,0,0,0,0,0,0,0,0
'18938,0,0,0,0,0,0,0,0,0,0,0,0,0
'08844,0,0,0,0,0,0,0,0,0,0,0,0,0
'08807,0,0,0,0,0,0,0,0,0,0,0,0,0
'19422,0,0,0,0,0,0,0,0,0,0,0,0,0
'18045,0,0,0,0,0,0,0,0,0,0,0,0,0
'07063,0,0,0,0,0,0,0,0,0,0,0,0,0
'18901,0,0,0,0,0,0,0,0,0,0,0,0,0
'18901,0,0,0,0,0,0,0,0,0,0,0,0,0
'07081,0,0,0,0,0,0,0,0,0,0,0,0,0
'08502,0,0,0,0,0,0,0,0,0,0,0,0,0
'08822,0,0,0,0,0,0,0,0,0,0,0,0,0
'07016,0,0,0,0,0,0,0,0,0,0,0,0,0
'08844,0,0,0,0,0,0,0,0,0,0,0,0,0
'08804,0,0,0,0,0,0,0,0,0,0,0,0,0
'15090,0,0,0,0,0,0,0,0,0,0,0,0,0
'08550,0,0,0,0,0,0,0,0,0,0,0,0,0
'19446,0,0,0,0,0,0,0,0,0,0,0,0,0
'18925,0,0,0,0,0,0,0,0,0,0,0,0,0
'08889,0,0,0,0,0,0,0,0,0,0,0,0,0
'08807,0,0,0,0,0,0,0,0,0,0,0,0,0
'19440,0,0,0,0,0,0,0,0,0,0,0,0,0
'08852,0,0,0,0,0,0,0,0,0,0,0,0,0
'07960,0,0,0,0,0,0,0,0,0,0,0,0,0
'08844,0,0,0,0,0,0,0,0,0,0,0,0,0
'08822,0,0,0,0,0,0,0,0,0,0,0,0,0
'08048,0,0,0,0,0,0,0,0,0,0,0,0,0
'19468,0,0,0,0,0,0,0,0,0,0,0,0,0
'08876,0,0,0,0,0,0,0,0,0,0,0,0,0
'08887,0,0,0,0,0,0,0,0,0,0,0,0,0
'08505,0,0,0,0,0,0,0,0,0,0,0,0,0
'19473,0,0,0,0,0,0,0,0,0,0,0,0,0
'08822,0,0,0,0,0,0,0,0,0,0,0,0,0
'18964,0,0,0,0,0,0,0,0,0,0,0,0,0
'07840,0,0,0,0,0,0,0,0,0,0,0,0,0
'07016,0,0,0,0,0,0,0,0,0,0,0,0,0
'08801,0,0,0,0,0,0,0,0,0,0,0,0,0
'08807,0,0,0,0,0,0,0,0,0,0,0,0,0
'08822,0,0,0,0,0,0,0,0,0,0,0,0,0
'08502,0,0,0,0,0,0,0,0,0,0,0,0,0
'08540,0,0,0,0,0,0,0,0,0,0,0,0,0
'08844,0,0,0,0,0,0,0,0,0,0,0,0,0
'08827,0,0,0,0,0,0,0,0,0,0,0,0,0
'19446,0,0,0,0,0,0,0,0,0,0,0,0,0
'18901,0,0,0,0,0,0,0,0,0,0,0,0,0
'07039,0,0,0,0,0,0,0,0,0,0,0,0,0
'08809,0,0,0,0,0,0,0,0,0,0,0,0,0
'08534,0,0,0,0,0,0,0,0,0,0,0,0,0
'19064,0,0,0,0,0,0,0,0,0,0,0,0,0
'08502,0,0,0,0,0,0,0,0,0,0,0,0,0
'08844,0,0,0,0,0,0,0,0,0,0,0,0,0
'08902,0,0,0,0,0,0,0,0,0,0,0,0,0
'10010,0,0,0,0,0,0,0,0,0,0,0,0,0
'08876,0,0,0,0,0,0,0,0,0,0,0,0,0
'19454,0,0,0,0,0,0,0,0,0,0,0,0,0
'07920,0,0,0,0,0,0,0,0,0,0,0,0,0
'19426,0,0,0,0,0,0,0,0,0,0,0,0,0
'19115,0,0,0,0,0,0,0,0,0,0,0,0,0
'08801,0,0,0,0,0,0,0,0,0,0,0,0,0
'18944,0,0,0,0,0,0,0,0,0,0,0,0,0
'08833,0,0,0,0,0,0,0,0,0,0,0,0,0
'07067,0,0,0,0,0,0,0,0,0,0,0,0,0
'07901,0,0,0,0,0,0,0,0,0,0,0,0,0
'07981,0,0,0,0,0,0,0,0,0,0,0,0,0
'18902,0,0,0,0,0,0,0,0,0,0,0,0,0
'08807,0,0,0,0,0,0,0,0,0,0,0,0,0
'18901,0,0,0,0,0,0,0,0,0,0,0,0,0
'08807,0,0,0,0,0,0,0,0,0,0,0,0,0
'07205,0,0,0,0,0,0,0,0,0,0,0,0,0
'18055,0,0,0,0,0,0,0,0,0,0,0,0,0
'08876,0,0,0,0,0,0,0,0,0,0,0,0,0
'08827,0,0,0,0,0,0,0,0,0,0,0,0,0
'07046,0,0,0,0,0,0,0,0,0,0,0,0,0
'08807,0,0,0,0,0,0,0,0,0,0,0,0,0
'08540,0,0,0,0,0,0,0,0,0,0,0,0,0
'07078,0,0,0,0,0,0,0,0,0,0,0,0,0
'18947,0,0,0,0,0,0,0,0,0,0,0,0,0
'07470,0,0,0,0,0,0,0,0,0,0,0,0,0
'08854,0,0,0,0,0,0,0,0,0,0,0,0,0
'07853,0,0,0,0,0,0,0,0,0,0,0,0,0
'10011,0,0,0,0,0,0,0,0,0,0,0,0,0
'19118,0,0,0,0,0,0,0,0,0,0,0,0,0
'18902,0,0,0,0,0,0,0,0,0,0,0,0,0
'07080,0,0,0,0,0,0,0,0,0,0,0,0,0
'08887,0,0,0,0,0,0,0,0,0,0,0,0,0
'08809,0,0,0,0,0,0,0,0,0,0,0,0,0
'08809,0,0,0,0,0,0,0,0,0,0,0,0,0
'18104,0,0,0,0,0,0,0,0,0,0,0,0,0
'08502,0,0,0,0,0,0,0,0,0,0,0,0,0
'08807,0,0,0,0,0,0,0,0,0,0,0,0,0
'08844,0,0,0,0,0,0,0,0,0,0,0,0,0
'30309,0,0,0,0,0,0,0,0,0,0,0,0,0
'08820,0,0,0,0,0,0,0,0,0,0,0,0,0
'33327,0,0,0,0,0,0,0,0,0,0,0,0,0
'08559,0,0,0,0,0,0,0,0,0,0,0,0,0
'08502,0,0,0,0,0,0,0,0,0,0,0,0,0
'08844,0,0,0,0,0,0,0,0,0,0,0,0,0
'07974,0,0,0,0,0,0,0,0,0,0,0,0,0
'07066,0,0,0,0,0,0,0,0,0,0,0,0,0
'08876,0,0,0,0,0,0,0,0,0,0,0,0,0
'08889,0,0,0,0,0,0,0,0,0,0,0,0,0
'08826,0,0,0,0,0,0,0,0,0,0,0,0,0
'08844,0,0,0,0,0,0,0,0,0,0,0,0,0
'18947,0,0,0,0,0,0,0,0,0,0,0,0,0
'08690,0,0,0,0,0,0,0,0,0,0,0,0,0
'07974,0,0,0,0,0,0,0,0,0,0,0,0,0
'07059,0,0,0,0,0,0,0,0,0,0,0,0,0
'08807,0,0,0,0,0,0,0,0,0,0,0,0,0
'08824,0,0,0,0,0,0,0,0,0,0,0,0,0
'08822,0,0,0,0,0,0,0,0,0,0,0,0,0
'08826,0,0,0,0,0,0,0,0,0,0,0,0,0
'08822,0,0,0,0,0,0,0,0,0,0,0,0,0
'08853,0,0,0,0,0,0,0,0,0,0,0,0,0
'07440,0,0,0,0,0,0,0,0,0,0,0,0,0
'07728,0,0,0,0,0,0,0,0,0,0,0,0,0
'08848,0,0,0,0,0,0,0,0,0,0,0,0,0
'07950,0,0,0,0,0,0,0,0,0,0,0,0,0
'07921,0,0,0,0,0,0,0,0,0,0,0,0,0
'07102,0,0,0,0,0,0,0,0,0,0,0,0,0
'08816,0,0,0,0,0,0,0,0,0,0,0,0,0
'18020,0,0,0,0,0,0,0,0,0,0,0,0,0
'18076,0,0,0,0,0,0,0,0,0,0,0,0,0
'08826,0,0,0,0,0,0,0,0,0,0,0,0,0
'07960,0,0,0,0,0,0,0,0,0,0,0,0,0
'18902,0,0,0,0,0,0,0,0,0,0,0,0,0
'07920,0,0,0,0,0,0,0,0,0,0,0,0,0
'07481,0,0,0,0,0,0,0,0,0,0,0,0,0
'08540,0,0,0,0,0,0,0,0,0,0,0,0,0
'08865,0,0,0,0,0,0,0,0,0,0,0,0,0
'18902,0,0,0,0,0,0,0,0,0,0,0,0,0
'08822,0,0,0,0,0,0,0,0,0,0,0,0,0
'08876,0,0,0,0,0,0,0,0,0,0,0,0,0
'08801,0,0,0,0,0,0,0,0,0,0,0,0,0
'07026,0,0,0,0,0,0,0,0,0,0,0,0,0
'39503,0,0,0,0,0,0,0,0,0,0,0,0,0
'07083,0,0,0,0,0,0,0,0,0,0,0,0,0
'08854,0,0,0,0,0,0,0,0,0,0,0,0,0
'08865,0,0,0,0,0,0,0,0,0,0,0,0,0
'08848,0,0,0,0,0,0,0,0,0,0,0,0,0
'08889,0,0,0,0,0,0,0,0,0,0,0,0,0
'07302,0,0,0,0,0,0,0,0,0,0,0,0,0
'08848,0,0,0,0,0,0,0,0,0,0,0,0,0
'08822,0,0,0,0,0,0,0,0,0,0,0,0,0
'27712,0,0,0,0,0,0,0,0,0,0,0,0,0
'07930,0,0,0,0,0,0,0,0,0,0,0,0,0
'18064,0,0,0,0,0,0,0,0,0,0,0,0,0
'07036,0,0,0,0,0,0,0,0,0,0,0,0,0
'07930,0,0,0,0,0,0,0,0,0,0,0,0,0
'07825,0,0,0,0,0,0,0,0,0,0,0,0,0
'08889,0,0,0,0,0,0,0,0,0,0,0,0,0
'07204,0,0,0,0,0,0,0,0,0,0,0,0,0
'08540,0,0,0,0,0,0,0,0,0,0,0,0,0
'19454,0,0,0,0,0,0,0,0,0,0,0,0,0
'07728,0,0,0,0,0,0,0,0,0,0,0,0,0
'08865,0,0,0,0,0,0,0,0,0,0,0,0,0
'07921,0,0,0,0,0,0,0,0,0,0,0,0,0
'07826,0,0,0,0,0,0,0,0,0,0,0,0,0
'08807,0,0,0,0,0,0,0,0,0,0,0,0,0
'18944,0,0,0,0,0,0,0,0,0,0,0,0,0
'08822,0,0,0,0,0,0,0,0,0,0,0,0,0
'08825,0,0,0,0,0,0,0,0,0,0,0,0,0
'07023,0,0,0,0,0,0,0,0,0,0,0,0,0
'34105,0,0,0,0,0,0,0,0,0,0,0,0,0
'08802,0,0,0,0,0,0,0,0,0,0,0,0,0
'07110,0,0,0,0,0,0,0,0,0,0,0,0,0
'18951,0,0,0,0,0,0,0,0,0,0,0,0,0
'08844,0,0,0,0,0,0,0,0,0,0,0,0,0
'08691,0,0,0,0,0,0,0,0,0,0,0,0,0
'07934,0,0,0,0,0,0,0,0,0,0,0,0,0
'08530,0,0,0,0,0,0,0,0,0,0,0,0,0
'07901,0,0,0,0,0,0,0,0,0,0,0,0,0
'07067,0,0,0,0,0,0,0,0,0,0,0,0,0
'27021,0,0,0,0,0,0,0,0,0,0,0,0,0
'07931,0,0,0,0,0,0,0,0,0,0,0,0,0
'18040,0,0,0,0,0,0,0,0,0,0,0,0,0
'18040,0,0,0,0,0,0,0,0,0,0,0,0,0
'24477,0,0,0,0,0,0,0,0,0,0,0,0,0
'08844,0,0,0,0,0,0,0,0,0,0,0,0,0
'07950,0,0,0,0,0,0,0,0,0,0,0,0,0
'07920,0,0,0,0,0,0,0,0,0,0,0,0,0
'07650,0,0,0,0,0,0,0,0,0,0,0,0,0
'08833,0,0,0,0,0,0,0,0,0,0,0,0,0
'07840,0,0,0,0,0,0,0,0,0,0,0,0,0
'07940,0,0,0,0,0,0,0,0,0,0,0,0,0
'07044,0,0,0,0,0,0,0,0,0,0,0,0,0
'08530,0,0,0,0,0,0,0,0,0,0,0,0,0
'07052,0,0,0,0,0,0,0,0,0,0,0,0,0
'08876,0,0,0,0,0,0,0,0,0,0,0,0,0
'07079,0,0,0,0,0,0,0,0,0,0,0,0,0
'21050,0,0,0,0,0,0,0,0,0,0,0,0,0
'08876,0,0,0,0,0,0,0,0,0,0,0,0,0
'08852,0,0,0,0,0,0,0,0,0,0,0,0,0
'18104,0,0,0,0,0,0,0,0,0,0,0,0,0
'19020,0,0,0,0,0,0,0,0,0,0,0,0,0
'08889,0,0,0,0,0,0,0,0,0,0,0,0,0
'19046,0,0,0,0,0,0,0,0,0,0,0,0,0
'07960,0,0,0,0,0,0,0,0,0,0,0,0,0
'08889,0,0,0,0,0,0,0,0,0,0,0,0,0
'08502,0,0,0,0,0,0,0,0,0,0,0,0,0
'07081,0,0,0,0,0,0,0,0,0,0,0,0,0
'08833,0,0,0,0,0,0,0,0,0,0,0,0,0
'08534,0,0,0,0,0,0,0,0,0,0,0,0,0
'07090,0,0,0,0,0,0,0,0,0,0,0,0,0
'08809,0,0,0,0,0,0,0,0,0,0,0,0,0
'08807,0,0,0,0,0,0,0,0,0,0,0,0,0
'08648,0,0,0,0,0,0,0,0,0,0,0,0,0
'18353,0,0,0,0,0,0,0,0,0,0,0,0,0
'18042,0,0,0,0,0,0,0,0,0,0,0,0,0
'07901,0,0,0,0,0,0,0,0,0,0,0,0,0
'07840,0,0,0,0,0,0,0,0,0,0,0,0,0
'18040,0,0,0,0,0,0,0,0,0,0,0,0,0
'18020,0,0,0,0,0,0,0,0,0,0,0,0,0
'07928,0,0,0,0,0,0,0,0,0,0,0,0,0
'08886,0,0,0,0,0,0,0,0,0,0,0,0,0
'07005,0,0,0,0,0,0,0,0,0,0,0,0,0
'08833,0,0,0,0,0,0,0,0,0,0,0,0,0
'08833,0,0,0,0,0,0,0,0,0,0,0,0,0
'08805,0,0,0,0,0,0,0,0,0,0,0,0,0
'18064,0,0,0,0,0,0,0,0,0,0,0,0,0
'07006,0,0,0,0,0,0,0,0,0,0,0,0,0
'08854,0,0,0,0,0,0,0,0,0,0,0,0,0
'08852,0,0,0,0,0,0,0,0,0,0,0,0,0
'08830,0,0,0,0,0,0,0,0,0,0,0,0,0
'08802,0,0,0,0,0,0,0,0,0,0,0,0,0
'08318,0,0,0,0,0,0,0,0,0,0,0,0,0
'07940,0,0,0,0,0,0,0,0,0,0,0,0,0
'08865,0,0,0,0,0,0,0,0,0,0,0,0,0
'18055,0,0,0,0,0,0,0,0,0,0,0,0,0
'08050,0,0,0,0,0,0,0,0,0,0,0,0,0
'08854,0,0,0,0,0,0,0,0,0,0,0,0,0
'18902,0,0,0,0,0,0,0,0,0,0,0,0,0
'08822,0,0,0,0,0,0,0,0,0,0,0,0,0
'07059,0,0,0,0,0,0,0,0,0,0,0,0,0
'07928,0,0,0,0,0,0,0,0,0,0,0,0,0
'07724,0,0,0,0,0,0,0,0,0,0,0,0,0
'07080,0,0,0,0,0,0,0,0,0,0,0,0,0
'08844,0,0,0,0,0,0,0,0,0,0,0,0,0
'18940,0,0,0,0,0,0,0,0,0,0,0,0,0
'18020,0,0,0,0,0,0,0,0,0,0,0,0,0
'07008,0,0,0,0,0,0,0,0,0,0,0,0,0
'07840,0,0,0,0,0,0,0,0,0,0,0,0,0
'07065,0,0,0,0,0,0,0,0,0,0,0,0,0
'08502,0,0,0,0,0,0,0,0,0,0,0,0,0
'07092,0,0,0,0,0,0,0,0,0,0,0,0,0
'08876,0,0,0,0,0,0,0,0,0,0,0,0,0
'08540,0,0,0,0,0,0,0,0,0,0,0,0,0
'07112,0,0,0,0,0,0,0,0,0,0,0,0,0
'18963,0,0,0,0,0,0,0,0,0,0,0,0,0
'08801,0,0,0,0,0,0,0,0,0,0,0,0,0
'07834,0,0,0,0,0,0,0,0,0,0,0,0,0
'08904,0,0,0,0,0,0,0,0,0,0,0,0,0
'10913,0,0,0,0,0,0,0,0,0,0,0,0,0
'08822,0,0,0,0,0,0,0,0,0,0,0,0,0
'12508,0,0,0,0,0,0,0,0,0,0,0,0,0
'08867,0,0,0,0,0,0,0,0,0,0,0,0,0
'07901,0,0,0,0,0,0,0,0,0,0,0,0,0
'07920,0,0,0,0,0,0,0,0,0,0,0,0,0
'07882,0,0,0,0,0,0,0,0,0,0,0,0,0
'07922,0,0,0,0,0,0,0,0,0,0,0,0,0
'07728,0,0,0,0,0,0,0,0,0,0,0,0,0
'07011,0,0,0,0,0,0,0,0,0,0,0,0,0
'07863,0,0,0,0,0,0,0,0,0,0,0,0,0
'08867,0,0,0,0,0,0,0,0,0,0,0,0,0
'08867,0,0,0,0,0,0,0,0,0,0,0,0,0
'19473,0,0,0,0,0,0,0,0,0,0,0,0,0
'19438,0,0,0,0,0,0,0,0,0,0,0,0,0
'07470,0,0,0,0,0,0,0,0,0,0,0,0,0
'07940,0,0,0,0,0,0,0,0,0,0,0,0,0
'18929,0,0,0,0,0,0,0,0,0,0,0,0,0
'07735,0,0,0,0,0,0,0,0,0,0,0,0,0
'10314,0,0,0,0,0,0,0,0,0,0,0,0,0
'07208,0,0,0,0,0,0,0,0,0,0,0,0,0
'08854,0,0,0,0,0,0,0,0,0,0,0,0,0
'08854,0,0,0,0,0,0,0,0,0,0,0,0,0
'98072,0,0,0,0,0,0,0,0,0,0,0,0,0
'08873,0,0,0,0,0,0,0,0,0,0,0,0,0
'07062,0,0,0,0,0,0,0,0,0,0,0,0,0
'08848,0,0,0,0,0,0,0,0,0,0,0,0,0
'08551,0,0,0,0,0,0,0,0,0,0,0,0,0
'07836,0,0,0,0,0,0,0,0,0,0,0,0,0
'41042,0,0,0,0,0,0,0,0,0,0,0,0,0
'08816,0,0,0,0,0,0,0,0,0,0,0,0,0
'07063,0,0,0,0,0,0,0,0,0,0,0,0,0
'08812,0,0,0,0,0,0,0,0,0,0,0,0,0
'07921,0,0,0,0,0,0,0,0,0,0,0,0,0
'07748,0,0,0,0,0,0,0,0,0,0,0,0,0
'07423,0,0,0,0,0,0,0,0,0,0,0,0,0
'18940,0,0,0,0,0,0,0,0,0,0,0,0,0
'08876,0,0,0,0,0,0,0,0,0,0,0,0,0
'07921,0,0,0,0,0,0,0,0,0,0,0,0,0
'11354,0,0,0,0,0,0,0,0,0,0,0,0,0
'18045,0,0,0,0,0,0,0,0,0,0,0,0,0
'07032,0,0,0,0,0,0,0,0,0,0,0,0,0
'08873,0,0,0,0,0,0,0,0,0,0,0,0,0
'18034,0,0,0,0,0,0,0,0,0,0,0,0,0
'07901,0,0,0,0,0,0,0,0,0,0,0,0,0
'07059,0,0,0,0,0,0,0,0,0,0,0,0,0
'18080,0,0,0,0,0,0,0,0,0,0,0,0,0
'07834,0,0,0,0,0,0,0,0,0,0,0,0,0
'07052,0,0,0,0,0,0,0,0,0,0,0,0,0
'19438,0,0,0,0,0,0,0,0,0,0,0,0,0
'08826,0,0,0,0,0,0,0,0,0,0,0,0,0
'18036,0,0,0,0,0,0,0,0,0,0,0,0,0
'08873,0,0,0,0,0,0,0,0,0,0,0,0,0
'18938,0,0,0,0,0,0,0,0,0,0,0,0,0
'08807,0,0,0,0,0,0,0,0,0,0,0,0,0
'08050,0,0,0,0,0,0,0,0,0,0,0,0,0
'08889,0,0,0,0,0,0,0,0,0,0,0,0,0
'19438,0,0,0,0,0,0,0,0,0,0,0,0,0
'18466,0,0,0,0,0,0,0,0,0,0,0,0,0
'07940,0,0,0,0,0,0,0,0,0,0,0,0,0
'07869,0,0,0,0,0,0,0,0,0,0,0,0,0
'08822,0,0,0,0,0,0,0,0,0,0,0,0,0
'18901,0,0,0,0,0,0,0,0,0,0,0,0,0
'18914,0,0,0,0,0,0,0,0,0,0,0,0,0
'07310,0,0,0,0,0,0,0,0,0,0,0,0,0
'18914,0,0,0,0,0,0,0,0,0,0,0,0,0
'08873,0,0,0,0,0,0,0,0,0,0,0,0,0
'07712,0,0,0,0,0,0,0,0,0,0,0,0,0
'07920,0,0,0,0,0,0,0,0,0,0,0,0,0
'07927,0,0,0,0,0,0,0,0,0,0,0,0,0
'08801,0,0,0,0,0,0,0,0,0,0,0,0,0
'07059,0,0,0,0,0,0,0,0,0,0,0,0,0
'07059,0,0,0,0,0,0,0,0,0,0,0,0,0
'08873,0,0,0,0,0,0,0,0,0,0,0,0,0
'07840,0,0,0,0,0,0,0,0,0,0,0,0,0
'18054,0,0,0,0,0,0,0,0,0,0,0,0,0
'18034,0,0,0,0,0,0,0,0,0,0,0,0,0
'18034,0,0,0,0,0,0,0,0,0,0,0,0,0
'18954,0,0,0,0,0,0,0,0,0,0,0,0,0
'08822,0,0,0,0,0,0,0,0,0,0,0,0,0
'07080,0,0,0,0,0,0,0,0,0,0,0,0,0
'08550,0,0,0,0,0,0,0,0,0,0,0,0,0
'14701,0,0,0,0,0,0,0,0,0,0,0,0,0
'07960,0,0,0,0,0,0,0,0,0,0,0,0,0
'08825,0,0,0,0,0,0,0,0,0,0,0,0,0
'08822,0,0,0,0,0,0,0,0,0,0,0,0,0
'18902,0,0,0,0,0,0,0,0,0,0,0,0,0
'08873,0,0,0,0,0,0,0,0,0,0,0,0,0
'07059,0,0,0,0,0,0,0,0,0,0,0,0,0
'18045,0,0,0,0,0,0,0,0,0,0,0,0,0
'08801,0,0,0,0,0,0,0,0,0,0,0,0,0
'08833,0,0,0,0,0,0,0,0,0,0,0,0,0
'08889,0,0,0,0,0,0,0,0,0,0,0,0,0
'08540,0,0,0,0,0,0,0,0,0,0,0,0,0
'07830,0,0,0,0,0,0,0,0,0,0,0,0,0
'08873,0,0,0,0,0,0,0,0,0,0,0,0,0
'07083,0,0,0,0,0,0,0,0,0,0,0,0,0
'08638,0,0,0,0,0,0,0,0,0,0,0,0,0
'08820,0,0,0,0,0,0,0,0,0,0,0,0,0
'08840,0,0,0,0,0,0,0,0,0,0,0,0,0
'07933,0,0,0,0,0,0,0,0,0,0,0,0,0
'08809,0,0,0,0,0,0,0,0,0,0,0,0,0
'08844,0,0,0,0,0,0,0,0,0,0,0,0,0
'08831,0,0,0,0,0,0,0,0,0,0,0,0,0
'18040,0,0,0,0,0,0,0,0,0,0,0,0,0
'08889,0,0,0,0,0,0,0,0,0,0,0,0,0
'08902,0,0,0,0,0,0,0,0,0,0,0,0,0
'07920,0,0,0,0,0,0,0,0,0,0,0,0,0
'08094,0,0,0,0,0,0,0,0,0,0,0,0,0
'07030,0,0,0,0,0,0,0,0,0,0,0,0,0
'08844,0,0,0,0,0,0,0,0,0,0,0,0,0
'07065,0,0,0,0,0,0,0,0,0,0,0,0,0
'18040,0,0,0,0,0,0,0,0,0,0,0,0,0
'08844,0,0,0,0,0,0,0,0,0,0,0,0,0
'19525,0,0,0,0,0,0,0,0,0,0,0,0,0
'07730,0,0,0,0,0,0,0,0,0,0,0,0,0
'18017,0,0,0,0,0,0,0,0,0,0,0,0,0
'08865,0,0,0,0,0,0,0,0,0,0,0,0,0
'18062,0,0,0,0,0,0,0,0,0,0,0,0,0
'07760,0,0,0,0,0,0,0,0,0,0,0,0,0
'19440,0,0,0,0,0,0,0,0,0,0,0,0,0
'10314,0,0,0,0,0,0,0,0,0,0,0,0,0
'07008,0,0,0,0,0,0,0,0,0,0,0,0,0
'18947,0,0,0,0,0,0,0,0,0,0,0,0,0
'22314,0,0,0,0,0,0,0,0,0,0,0,0,0
'08822,0,0,0,0,0,0,0,0,0,0,0,0,0
'21801,0,0,0,0,0,0,0,0,0,0,0,0,0
'19401,0,0,0,0,0,0,0,0,0,0,0,0,0
'08836,0,0,0,0,0,0,0,0,0,0,0,0,0
'07083,0,0,0,0,0,0,0,0,0,0,0,0,0
'08551,0,0,0,0,0,0,0,0,0,0,0,0,0
'07457,0,0,0,0,0,0,0,0,0,0,0,0,0
'08826,0,0,0,0,0,0,0,0,0,0,0,0,0
'07603,0,0,0,0,0,0,0,0,0,0,0,0,0
'07203,0,0,0,0,0,0,0,0,0,0,0,0,0
'07090,0,0,0,0,0,0,0,0,0,0,0,0,0
'08822,0,0,0,0,0,0,0,0,0,0,0,0,0
'18062,0,0,0,0,0,0,0,0,0,0,0,0,0
'14221,0,0,0,0,0,0,0,0,0,0,0,0,0
'19438,0,0,0,0,0,0,0,0,0,0,0,0,0
'08801,0,0,0,0,0,0,0,0,0,0,0,0,0
'18052,0,0,0,0,0,0,0,0,0,0,0,0,0
'08816,0,0,0,0,0,0,0,0,0,0,0,0,0
'08853,0,0,0,0,0,0,0,0,0,0,0,0,0
'19473,0,0,0,0,0,0,0,0,0,0,0,0,0
'19426,0,0,0,0,0,0,0,0,0,0,0,0,0
'07960,0,0,0,0,0,0,0,0,0,0,0,0,0
'08853,0,0,0,0,0,0,0,0,0,0,0,0,0
'07023,0,0,0,0,0,0,0,0,0,0,0,0,0
'08848,0,0,0,0,0,0,0,0,0,0,0,0,0
'18944,0,0,0,0,0,0,0,0,0,0,0,0,0
'08514,0,0,0,0,0,0,0,0,0,0,0,0,0
'08540,0,0,0,0,0,0,0,0,0,0,0,0,0
'08817,0,0,0,0,0,0,0,0,0,0,0,0,0
'18901,0,0,0,0,0,0,0,0,0,0,0,0,0
'18042,0,0,0,0,0,0,0,0,0,0,0,0,0
'08889,0,0,0,0,0,0,0,0,0,0,0,0,0
'08889,0,0,0,0,0,0,0,0,0,0,0,0,0
'19468,0,0,0,0,0,0,0,0,0,0,0,0,0
'18103,0,0,0,0,0,0,0,0,0,0,0,0,0
'07023,0,0,0,0,0,0,0,0,0,0,0,0,0
'07869,0,0,0,0,0,0,0,0,0,0,0,0,0
'08817,0,0,0,0,0,0,0,0,0,0,0,0,0
'18902,0,0,0,0,0,0,0,0,0,0,0,0,0
'08807,0,0,0,0,0,0,0,0,0,0,0,0,0
'08558,0,0,0,0,0,0,0,0,0,0,0,0,0
'19437,0,0,0,0,0,0,0,0,0,0,0,0,0
'18914,0,0,0,0,0,0,0,0,0,0,0,0,0
'08876,0,0,0,0,0,0,0,0,0,0,0,0,0
'08844,0,0,0,0,0,0,0,0,0,0,0,0,0
'07852,0,0,0,0,0,0,0,0,0,0,0,0,0
'08889,0,0,0,0,0,0,0,0,0,0,0,0,0
'07920,0,0,0,0,0,0,0,0,0,0,0,0,0
'08873,0,0,0,0,0,0,0,0,0,0,0,0,0
'18951,0,0,0,0,0,0,0,0,0,0,0,0,0
'07090,0,0,0,0,0,0,0,0,0,0,0,0,0
'28590,0,0,0,0,0,0,0,0,0,0,0,0,0
'19460,0,0,0,0,0,0,0,0,0,0,0,0,0
'07960,0,0,0,0,0,0,0,0,0,0,0,0,0
'19446,0,0,0,0,0,0,0,0,0,0,0,0,0
'18902,0,0,0,0,0,0,0,0,0,0,0,0,0
'08901,0,0,0,0,0,0,0,0,0,0,0,0,0
'08823,0,0,0,0,0,0,0,0,0,0,0,0,0
'07036,0,0,0,0,0,0,0,0,0,0,0,0,0
'08801,0,0,0,0,0,0,0,0,0,0,0,0,0
'18942,0,0,0,0,0,0,0,0,0,0,0,0,0
'07079,0,0,0,0,0,0,0,0,0,0,0,0,0
'18901,0,0,0,0,0,0,0,0,0,0,0,0,0
'18902,0,0,0,0,0,0,0,0,0,0,0,0,0
'07090,0,0,0,0,0,0,0,0,0,0,0,0,0
'08520,0,0,0,0,0,0,0,0,0,0,0,0,0
'19127,0,0,0,0,0,0,0,0,0,0,0,0,0
'17025,0,0,0,0,0,0,0,0,0,0,0,0,0
'07001,0,0,0,0,0,0,0,0,0,0,0,0,0
'08802,0,0,0,0,0,0,0,0,0,0,0,0,0
'08802,0,0,0,0,0,0,0,0,0,0,0,0,0
'07730,0,0,0,0,0,0,0,0,0,0,0,0,0
'07036,0,0,0,0,0,0,0,0,0,0,0,0,0
'08833,0,0,0,0,0,0,0,0,0,0,0,0,0
'07090,0,0,0,0,0,0,0,0,0,0,0,0,0
'08823,0,0,0,0,0,0,0,0,0,0,0,0,0
'08853,0,0,0,0,0,0,0,0,0,0,0,0,0
'07041,0,0,0,0,0,0,0,0,0,0,0,0,0
'19087,0,0,0,0,0,0,0,0,0,0,0,0,0
'18055,0,0,0,0,0,0,0,0,0,0,0,0,0
'76504,0,0,0,0,0,0,0,0,0,0,0,0,0
'08807,0,0,0,0,0,0,0,0,0,0,0,0,0
'08889,0,0,0,0,0,0,0,0,0,0,0,0,0
'08809,0,0,0,0,0,0,0,0,0,0,0,0,0
'08861,0,0,0,0,0,0,0,0,0,0,0,0,0
'18923,0,0,0,0,0,0,0,0,0,0,0,0,0
'08540,0,0,0,0,0,0,0,0,0,0,0,0,0
'08876,0,0,0,0,0,0,0,0,0,0,0,0,0
'07090,0,0,0,0,0,0,0,0,0,0,0,0,0
'08807,0,0,0,0,0,0,0,0,0,0,0,0,0
'08807,0,0,0,0,0,0,0,0,0,0,0,0,0
'07869,0,0,0,0,0,0,0,0,0,0,0,0,0
'07928,0,0,0,0,0,0,0,0,0,0,0,0,0
'19512,0,0,0,0,0,0,0,0,0,0,0,0,0
'07757,0,0,0,0,0,0,0,0,0,0,0,0,0
'11215,0,0,0,0,0,0,0,0,0,0,0,0,0
'08880,0,0,0,0,0,0,0,0,0,0,0,0,0
'08829,0,0,0,0,0,0,0,0,0,0,0,0,0
'08902,0,0,0,0,0,0,0,0,0,0,0,0,0
'08869,0,0,0,0,0,0,0,0,0,0,0,0,0
'08854,0,0,0,0,0,0,0,0,0,0,0,0,0
'08807,0,0,0,0,0,0,0,0,0,0,0,0,0
'28269,0,0,0,0,0,0,0,0,0,0,0,0,0
'07981,0,0,0,0,0,0,0,0,0,0,0,0,0
'30004,0,0,0,0,0,0,0,0,0,0,0,0,0
'07030,0,0,0,0,0,0,0,0,0,0,0,0,0
'08873,0,0,0,0,0,0,0,0,0,0,0,0,0
'07901,0,0,0,0,0,0,0,0,0,0,0,0,0
'08805,0,0,0,0,0,0,0,0,0,0,0,0,0
'08527,0,0,0,0,0,0,0,0,0,0,0,0,0
'08807,0,0,0,0,0,0,0,0,0,0,0,0,0
'08540,0,0,0,0,0,0,0,0,0,0,0,0,0
'07302,0,0,0,0,0,0,0,0,0,0,0,0,0
'08840,0,0,0,0,0,0,0,0,0,0,0,0,0
'08721,0,0,0,0,0,0,0,0,0,0,0,0,0
'07090,0,0,0,0,0,0,0,0,0,0,0,0,0
'08840,0,0,0,0,0,0,0,0,0,0,0,0,0
'08844,0,0,0,0,0,0,0,0,0,0,0,0,0
'08833,0,0,0,0,0,0,0,0,0,0,0,0,0
'07027,0,0,0,0,0,0,0,0,0,0,0,0,0
'07081,0,0,0,0,0,0,0,0,0,0,0,0,0
